audio_name,artist,title,year,energy_truth,energy_ml,dance_truth,dance_ml,valence_truth,tempo_bpm,duration_sec,loudness_LUFS,energy_feature,danceability_feature,valence_feature,notes,energy_feature_band,danceability_feature_band,triage_tag_energy,triage_tag_dance,energy_truth_reviewed,energy_truth_corrected_band,energy_truth_final_band,dance_truth_reviewed,dance_truth_corrected_band,dance_truth_final_band
1966_the_beatles__eleanor_rigby__album,The Beatles,Eleanor Rigby,1966,lo,lo,lo,lo,lo,139.6748310810810,124.08743764172300,-18.74560267457090,0.3543005615531690,0.35293124740176800,0.5617202246212680,String-driven chamber pop; low danceability; somber narrative.,lo,lo,ml_feat_agree_truth_diff,all_agree,yes,lo,lo,yes,,lo
1967_louis_armstrong__what_a_wonderful_world__album,Louis Armstrong,What a Wonderful World,1967,lo,lo,lo,lo,hi,109.95678191489400,136.71909297052200,-20.21170523109980,0.3721032486635360,0.4821702272135870,0.5688412994654150,"Slow jazz-pop standard; gentle low energy and non-dance but very warm, hopeful high-valence tone.",mid,mid,truth_ml_agree_feat_diff,truth_ml_agree_feat_diff,yes,,lo,yes,,lo
1969_the_beatles__here_comes_the_sun__album,The Beatles,Here Comes the Sun,1969,mid,lo,mid,mid,hi,129.19921875,185.75963718820900,-18.118086832173800,0.3503996683336750,0.5169458460351880,0.56015986733347,Bright acoustic pop; gentle steady groove; very positive tone.,lo,mid,ml_feat_agree_truth_diff,all_agree,yes,mid,mid,yes,,mid
1971_bill_withers__aint_no_sunshine__single,Bill Withers,Ain't No Sunshine,1971,lo,lo,lo,lo,lo,156.60511363636400,123.34439909297100,-18.6900598019829,0.36094876498623000,0.3369090903627060,0.564379505994492,Minimal soul ballad; sparse arrangement clearly low energy and non-dance emotionally heavy.,mid,lo,truth_ml_agree_feat_diff,all_agree,yes,,lo,yes,,lo
1972_bill_withers__lean_on_me__album,Bill Withers,Lean on Me,1972,mid,lo,lo,lo,hi,147.65625,257.0913378684810,-18.289713608125600,0.3629417709481320,0.15580586962441800,0.5651767083792530,"Soul/gospel ballad; slow supportive groove, emotionally uplifting with big singalong chorus but not a dance record.",mid,lo,truth_feat_agree_ml_diff,all_agree,yes,mid,mid,yes,,lo
1976_abba__dancing_queen__album,ABBA,Dancing Queen,1976,hi,hi,hi,hi,hi,101.33272058823500,230.3419501133790,-17.595380936224900,0.3704375416214670,0.6229994235676340,0.5681750166485870,Archetypal disco-pop; joyful very danceable clearly high energy/high valence.,mid,hi,truth_ml_agree_feat_diff,all_agree,yes,,hi,yes,,hi
1976_the_eagles__hotel_california__album,Eagles,Hotel California,1976,mid,hi,lo,mid,mid,147.65625,391.5813151927440,-17.726708062511200,0.3692794499001430,0.3417721085501690,0.567711779960057,Classic rock epic; long-running structure; bittersweet mood.,mid,lo,truth_feat_agree_ml_diff,truth_feat_agree_ml_diff,yes,mid,mid,yes,lo,lo
1978_earth_wind_and_fire__september__album,"Earth, Wind & Fire",September,1978,hi,lo,hi,mid,hi,126.04801829268300,214.73814058956900,-18.318128579507000,0.3712140198021750,0.591923004783439,0.5684856079208700,Classic disco-funk; relentlessly upbeat and danceable archetypal hi-energy/hi-dance/hi-valence party cut.,mid,hi,all_disagree,truth_feat_agree_ml_diff,yes,hi,hi,yes,hi,hi
1979_bee_gees__stayin_alive__album,Bee Gees,Stayin' Alive,1979,hi,hi,hi,mid,mid,103.359375,282.3546485260770,-18.079004115344900,0.3864549965933000,0.6220117051000640,0.57458199863732,Signature 70s disco groove; relentless pulse very strong dance feel.,hi,hi,all_agree,truth_feat_agree_ml_diff,yes,hi,hi,yes,hi,hi
1982_michael_jackson__billie_jean__album,Michael Jackson,Billie Jean,1982,hi,hi,hi,mid,mid,117.45383522727300,289.78503401360500,-17.950759492267600,0.39182414710654000,0.5638598276507120,0.5767296588426160,Groove-based pop; archetypal mid-tempo hit.,hi,hi,all_agree,truth_ml_agree_feat_diff,yes,hi,hi,yes,hi,hi
1982_toto__africa__album,Toto,Africa,1982,hi,lo,mid,lo,mid,92.28515625,291.2711111111110,-23.311160191446900,0.37353508013892000,0.4765386216729590,0.5694140320555680,Classic soft-rock/pop; steady groove not hyper or sleepy—very “true mid” on both energy and dance.,hi,mid,all_disagree,truth_feat_agree_ml_diff,yes,hi,hi,yes,,mid
1983_cyndi_lauper__girls_just_want_to_have_fun__album,Cyndi Lauper,Girls Just Want to Have Fun,1983,hi,hi,hi,hi,hi,120.18531976744200,232.57106575963700,-17.753394561837800,0.36554446732156700,0.5045658476513380,0.5662177869286270,Iconic 80s pop; very high-energy high-valence dance track.,mid,mid,truth_ml_agree_feat_diff,truth_ml_agree_feat_diff,yes,,hi,yes,,hi
1984_prince__when_doves_cry__album,Prince,When Doves Cry,1984,hi,lo,mid,lo,mid,126.04801829268300,351.4572335600910,-20.216903269268100,0.3856945838458940,0.4457593938427010,0.5742778335383580,Sparse experimental but huge mainstream hit.,hi,mid,truth_feat_agree_ml_diff,truth_feat_agree_ml_diff,yes,,hi,yes,,mid
1985_a_ha__take_on_me__single,a-ha,Take On Me,1985,hi,hi,hi,hi,mid,84.72079918032790,222.91156462585000,-17.80453820030660,0.3802475839026110,0.40490170726089200,0.5720990335610450,Fast 80s synth-pop; perceived ~84.5 in half-time.,hi,mid,all_agree,truth_ml_agree_feat_diff,yes,,hi,yes,,hi
1985_tears_for_fears__everybody_wants_to_rule_the_world__single,Tears for Fears,Everybody Wants to Rule the World,1985,hi,hi,hi,mid,mid,112.34714673913000,251.89006802721100,-18.213822154573900,0.3635402003603820,0.5750190456424700,0.5654160801441530,Laid-back 80s pop-rock; mid energy mid danceability reflective tone.,mid,hi,truth_feat_agree_ml_diff,truth_ml_agree_feat_diff,yes,hi,hi,yes,hi,hi
1986_bon_jovi__livin_on_a_prayer__single,Bon Jovi,Livin' on a Prayer,1986,hi,hi,mid,mid,mid,123.046875,245.94575963718800,-17.967260761762000,0.3640678961494020,0.5053960423485490,0.5656271584597610,Arena rock anthem; big chorus lift.,mid,mid,truth_ml_agree_feat_diff,all_agree,yes,hi,hi,yes,,mid
1987_guns_n_roses__sweet_child_o_mine__album,Guns N' Roses,Sweet Child o' Mine,1987,hi,hi,mid,mid,mid,126.04801829268300,353.68634920634900,-17.836083344449600,0.3718299875779170,0.48331577829017200,0.5687319950311670,Rock hit with iconic riff; long-form structure.,mid,mid,truth_ml_agree_feat_diff,all_agree,yes,,hi,yes,,mid
1987_u2__with_or_without_you__single,U2,With or Without You,1987,mid,hi,lo,mid,mid,109.95678191489400,294.24326530612200,-17.904330386654800,0.3604144418724210,0.5808082622795090,0.5641657767489680,Slow-building rock ballad; hypnotic groove; yearning tone.,lo,hi,all_disagree,all_disagree,yes,mid,mid,yes,lo,lo
1987_whitney_houston__i_wanna_dance_with_somebody_who_loves_me__album,Whitney Houston,I Wanna Dance With Somebody (Who Loves Me),1987,hi,hi,hi,mid,hi,117.45383522727300,289.0419954648530,-17.97154736289180,0.3826831897401330,0.5023060230134720,0.5730732758960530,High-energy high-valence dance-pop.,hi,mid,all_agree,ml_feat_agree_truth_diff,yes,hi,hi,yes,hi,hi
1989_madonna__like_a_prayer__album,Madonna,Like a Prayer,1989,hi,hi,mid,mid,mid,109.95678191489400,340.31165532879800,-18.224834117793600,0.36934294536519900,0.5623229268072110,0.5677371781460800,Gospel-infused pop; emotional but uplifting; album version used in benchmark.,mid,hi,truth_ml_agree_feat_diff,truth_ml_agree_feat_diff,yes,,hi,yes,mid,mid
1990_roxette__it_must_have_been_love__album,Roxette,It Must Have Been Love,1990,mid,lo,lo,lo,lo,161.4990234375,258.5774149659860,-18.0288418170762,0.3700112232028760,0.193816598652853,0.5680044892811500,Power ballad; slow tempo; emotionally heavy; not dance-focused.,mid,lo,truth_feat_agree_ml_diff,all_agree,yes,mid,mid,yes,,lo
1990_sinead_oconnor__nothing_compares_2_u__single,Sinéad O'Connor,Nothing Compares 2 U,1990,lo,hi,lo,hi,lo,120.18531976744200,277.8964172335600,-17.192471554882900,0.3705139916091260,0.5576714422284070,0.5682055966436500,"Iconic heartbreak ballad; extremely sparse and emotionally heavy. Archetypal low-energy, low-dance, low-valence reference.",mid,hi,all_disagree,ml_feat_agree_truth_diff,yes,lo,lo,yes,lo,lo
1991_bonnie_raitt__i_cant_make_you_love_me__album,Bonnie Raitt,I Can't Make You Love Me,1991,lo,lo,lo,lo,lo,126.04801829268300,332.138231292517,-20.792461272797300,0.3537109393734460,0.35993939283175500,0.5614843757493790,"Piano-led adult-contemporary ballad; extremely intimate, low-energy, non-dance and emotionally devastating.",lo,lo,all_agree,all_agree,yes,,lo,yes,,lo
1991_nirvana__smells_like_teen_spirit__single,Nirvana,Smells Like Teen Spirit,1991,hi,mid,mid,lo,mid,117.45383522727300,298.70149659863900,-18.3163279890769,0.36789601880722200,0.4157827668954620,0.5671584075228890,Grunge rock anthem; very high energy with mid danceability and brooding anthemic tone.,mid,mid,ml_feat_agree_truth_diff,truth_feat_agree_ml_diff,yes,hi,hi,yes,mid,mid
1992_boyz_ii_men__end_of_the_road__album,Boyz II Men,End of the Road,1992,mid,hi,lo,mid,lo,147.65625,349.2281179138320,-17.5563463301897,0.38530343057006100,0.2893565852512200,0.5741213722280250,Early-90s R&B slow jam; big vocal swells but overall slow sway-not-dance heartbreak-heavy.,hi,lo,ml_feat_agree_truth_diff,truth_feat_agree_ml_diff,yes,mid,mid,yes,lo,lo
1993_radiohead__creep__album,Radiohead,Creep,1993,mid,lo,lo,lo,lo,184.5703125,234.8001814058960,-18.847962969935400,0.3840621497432850,0.3973822160798640,0.5736248598973140,Alt-rock ballad; quiet loud dynamic; emotionally dark and self-loathing.,hi,mid,all_disagree,truth_ml_agree_feat_diff,yes,mis,mid,yes,,lo
1994_mariah_carey__hero__album,Mariah Carey,Hero,1994,mid,lo,lo,lo,mid,120.18531976744200,256.3482993197280,-18.84003395235730,0.3876919541041990,0.4466468821767430,0.5750767816416800,Big vocal power ballad; slow tempo; inspirational but solemn tone.,hi,mid,all_disagree,truth_ml_agree_feat_diff,yes,mid,mid,yes,,lo
1995_mariah_carey__fantasy__album,Mariah Carey,Fantasy,1995,mid,hi,mid,hi,hi,103.359375,242.97360544217700,-17.67270562750040,0.38444844702295100,0.5500236831503620,0.5737793788091810,Mid-tempo R&B-pop; sweet upbeat feel.,hi,hi,ml_feat_agree_truth_diff,ml_feat_agree_truth_diff,yes,mid,mid,yes,mid,mid
1995_oasis__wonderwall__album,Oasis,Wonderwall,1995,mid,hi,mid,mid,mid,117.45383522727300,258.5774149659860,-17.68725279874860,0.34657169554191300,0.43389819531044300,0.5586286782167650,Anthemic Britpop; strummy mid-energy.,lo,mid,all_disagree,all_agree,yes,mid,mid,yes,,mid
1996_spice_girls__wannabe__album,Spice Girls,Wannabe,1996,hi,hi,hi,hi,hi,109.95678191489400,171.64190476190500,-17.690863769410200,0.3671600061146360,0.6238939650439620,0.5668640024458550,Bouncy girl-group pop; short hooky.,mid,hi,truth_ml_agree_feat_diff,all_agree,yes,,hi,yes,,hi
1997_celine_dion__my_heart_will_go_on__album,Celine Dion,My Heart Will Go On,1997,mid,hi,lo,hi,mid,99.38401442307690,278.63945578231300,-17.36657554508020,0.38184501281319200,0.43682929230751800,0.572738005125277,"Titanic power ballad; very slow, high emotional intensity, low physical/groove energy, big build.",hi,mid,ml_feat_agree_truth_diff,all_disagree,yes,mid,mid,yes,,lo
1998_brandy_and_monica__the_boy_is_mine__album,Brandy & Monica,The Boy Is Mine,1998,mid,hi,mid,mid,mid,93.96306818181820,294.24326530612200,-17.698778758841300,0.39008824591569100,0.498103938432345,0.5760352983662760,Late-90s R&B-pop duet; mid tempo groove-based emotionally tense but not dark.,hi,mid,ml_feat_agree_truth_diff,all_agree,yes,mid,mid,yes,,mid
1998_britney_spears__baby_one_more_time__album,Britney Spears,...Baby One More Time,1998,mid,mid,mid,hi,mid,92.28515625,210.27990929705200,-17.85331442723910,0.3802961819122640,0.42989818497240000,0.5721184727649060,Turn-of-era teen pop; strong hook mid-tempo.,hi,mid,truth_ml_agree_feat_diff,truth_feat_agree_ml_diff,yes,,mid,yes,mid,mid
1999_backstreet_boys__i_want_it_that_way__album,Backstreet Boys,I Want It That Way,1999,mid,hi,mid,hi,mid,99.38401442307690,212.50902494331100,-18.013650576164500,0.3749485044201140,0.5655716983653200,0.5699794017680450,Boy-band ballad-ish pop; mid energy big chorus.,hi,hi,ml_feat_agree_truth_diff,ml_feat_agree_truth_diff,yes,mid,mid,yes,,mid
1999_tlc__no_scrubs__album,TLC,No Scrubs,1999,mid,lo,mid,mid,mid,184.5703125,214.73814058956900,-17.80913502743020,0.3985904599405350,0.5328528069433690,0.5794361839762140,R&B-pop crossover; groove-led.,hi,hi,all_disagree,truth_ml_agree_feat_diff,yes,mid,mid,yes,,mid
2000_coldplay__yellow__album,Coldplay,Yellow,2000,mid,hi,lo,lo,mid,86.1328125,266.7508390022680,-17.83091294011180,0.36334019909137000,0.41618520868171400,0.5653360796365480,"Alt-pop ballad; steady build high emotional intensity, low physical/groove energy,",mid,mid,truth_feat_agree_ml_diff,truth_ml_agree_feat_diff,yes,mid,mid,yes,lo,lo
2002_avril_lavigne__complicated__album,Avril Lavigne,Complicated,2002,mid,lo,mid,lo,mid,156.60511363636400,244.45968253968300,-18.088179686385000,0.3741240387889350,0.2905884525050080,0.5696496155155740,Early-2000s pop-rock; strummy mid-tempo more head-bob than dancefloor emotionally neutral-to-bittersweet.,hi,lo,all_disagree,ml_feat_agree_truth_diff,yes,mid,mid,yes,mid,mid
2003_beyonce_jay_z__crazy_in_love__album,Beyoncé feat. JAY-Z,Crazy in Love,2003,hi,hi,hi,hi,hi,99.38401442307690,234.05714285714300,-17.494235137038000,0.3766707693812150,0.5078623072855750,0.5706683077524860,Horn-driven R&B-pop; very high energy and danceability.,hi,mid,all_agree,truth_ml_agree_feat_diff,yes,,hi,yes,,hi
2003_evanescence__bring_me_to_life__album,Evanescence,Bring Me to Life,2003,hi,mid,lo,lo,lo,95.703125,236.28625850340100,-18.31266081048830,0.35556738890578400,0.39629149797689,0.5622269555623140,"Rock/nu-metal crossover; big dynamic hits and high energy with a clear groove but dark, dramatic low-valence mood.",lo,mid,all_disagree,truth_ml_agree_feat_diff,yes,hi,hi,yes,lo,lo
2003_outkast__hey_ya__album,Outkast,Hey Ya!,2003,hi,hi,hi,hi,hi,79.50721153846150,233.31410430839000,-17.40575339277370,0.360228977574112,0.3281874013381880,0.5640915910296450,Quirky funk-pop; very fast but feels infectious and fun.,lo,lo,truth_ml_agree_feat_diff,truth_ml_agree_feat_diff,yes,,hi,yes,,hi
2004_kelly_clarkson__since_u_been_gone__album,Kelly Clarkson,Since U Been Gone,2004,hi,lo,hi,hi,mid,132.51201923076900,188.73179138322000,-17.927289795371100,0.35841733844985600,0.3741571130839850,0.5633669353799420,Pop-rock belter; high energy breakup anthem.,lo,mid,ml_feat_agree_truth_diff,truth_feat_agree_ml_diff,yes,hi,hi,yes,hi,hi
2004_usher_lil_jon_ludacris__yeah__album,Usher feat. Lil Jon & Ludacris,Yeah!,2004,hi,hi,hi,hi,mid,105.46875,249.66095238095200,-17.703279610823500,0.3720357183251070,0.5962133438494230,0.5688142873300430,Club R&B; heavy low-end and high danceability.,mid,hi,truth_ml_agree_feat_diff,all_agree,yes,,hi,yes,,hi
2006_shakira_wyclef_jean__hips_dont_lie__album,Shakira feat. Wyclef Jean,Hips Don't Lie,2006,hi,hi,hi,hi,hi,99.38401442307690,216.96725623582800,-17.190024850160200,0.36096464053245400,0.558094211227147,0.5643858562129820,Latin-pop crossover; high groove and danceability; 2006 album version in benchmark.,mid,hi,truth_ml_agree_feat_diff,all_agree,yes,,hi,yes,,hi
2007_rihanna_jay_z__umbrella__album,Rihanna feat. JAY-Z,Umbrella,2007,mid,hi,mid,hi,mid,86.1328125,274.92426303854900,-17.46449056651440,0.39115491684572200,0.30460966295693000,0.5764619667382890,Dark mid-tempo R&B-pop; big chorus hook.,hi,lo,ml_feat_agree_truth_diff,all_disagree,yes,mid,mid,yes,mid,mid
2008_coldplay__viva_la_vida__album,Coldplay,Viva La Vida,2008,mid,lo,mid,lo,mid,139.6748310810810,241.4875283446710,-18.222467010187000,0.3522197023609510,0.2987203904528950,0.5608878809443800,Anthemic orchestral pop; rolling rhythm but emotionally bittersweet mid-valence.,lo,lo,ml_feat_agree_truth_diff,ml_feat_agree_truth_diff,yes,mid,mid,yes,mid,mid
2008_lady_gaga__pokerface__album,Lady Gaga,Poker Face,2008,hi,hi,hi,mid,mid,120.18531976744200,236.28625850340100,-18.060759004168300,0.354835968833679,0.5281335759905680,0.5619343875334720,Electro-pop banger; club-oriented energy.,lo,hi,truth_ml_agree_feat_diff,truth_feat_agree_ml_diff,yes,hi,hi,yes,hi,hi
2008_rihanna__disturbia__album,Rihanna,Disturbia,2008,hi,hi,hi,mid,lo,126.04801829268300,237.77233560090700,-18.139415375460700,0.36593976800709700,0.5194105415602140,0.5663759072028390,"Dark electro-pop club track; very high energy and danceability but eerie, tense low-valence feel.",mid,hi,truth_ml_agree_feat_diff,truth_feat_agree_ml_diff,yes,hi,hi,yes,hi,hi
2009_black_eyed_peas__i_gotta_feeling__album,Black Eyed Peas,I Gotta Feeling,2009,hi,hi,hi,mid,hi,129.19921875,289.78503401360500,-17.59350624424870,0.37837269481364600,0.5382936528374920,0.5713490779254580,Huge party anthem; very high energy and danceability; feel-good chorus.,hi,hi,all_agree,truth_feat_agree_ml_diff,yes,hi,hi,yes,hi,hi
2010_adele__rolling_in_the_deep__album,Adele,Rolling in the Deep,2010,mid,hi,mid,hi,mid,105.46875,226.62675736961500,-17.408527726323100,0.3637066208813390,0.632775429691999,0.5654826483525360,Bluesy pop; strong vocal stomping groove.,mid,hi,truth_feat_agree_ml_diff,ml_feat_agree_truth_diff,yes,mid,mid,yes,mid,mid
2010_katy_perry__firework__album,Katy Perry,Firework,2010,hi,hi,hi,hi,hi,123.046875,228.1128344671200,-17.554659358274500,0.37796313138672,0.588365811047125,0.571185252554688,"Anthemic pop; big builds and explosive chorus, clearly hi-energy/hi-dance/hi-valence empowerment record.",hi,hi,all_agree,all_agree,yes,,hi,yes,,hi
2011_adele__someone_like_you__album,Adele,Someone Like You,2011,lo,hi,lo,hi,lo,135.99917763157900,285.3268027210880,-17.3139927881886,0.3412495325560100,0.34248461096123000,0.556499813022404,Piano/vocal breakup ballad; archetypal low energy very low danceability emotionally devastating.,lo,lo,truth_feat_agree_ml_diff,truth_feat_agree_ml_diff,yes,lo,lo,yes,lo,lo
2011_gotye__somebody_that_i_used_to_know__album,Gotye feat. Kimbra,Somebody That I Used to Know,2011,mid,hi,mid,hi,lo,129.19921875,245.20272108843500,-17.496221469970900,0.3726296344748240,0.5252002169550210,0.5690518537899300,Sparse indie-pop ballad; mid energy but emotionally downbeat and melancholic.,mid,hi,truth_feat_agree_ml_diff,ml_feat_agree_truth_diff,yes,mid,mid,yes,mid,mid
2012_bruno_mars__when_i_was_your_man__album,Bruno Mars,When I Was Your Man,2012,mid,mid,lo,hi,lo,72.78829225352110,212.50902494331100,-17.65884470154170,0.3650572947904860,0.27961774053168600,0.5660229179161940,Piano ballad; sparse arrangement; emotionally regretful; non-dance.,mid,lo,all_agree,truth_feat_agree_ml_diff,yes,mid,mid,yes,lo,lo
2012_carly_rae_jepsen__call_me_maybe__single,Carly Rae Jepsen,Call Me Maybe,2012,hi,hi,hi,hi,hi,120.18531976744200,193.19002267573700,-17.996718964497700,0.38141126120998800,0.5060025242815720,0.5725645044839950,Modern bubblegum pop classic; bouncy and bright obvious hi-energy/hi-dance.,hi,mid,all_agree,truth_ml_agree_feat_diff,yes,,hi,yes,,hi
2013_daft_punk_pharrell_williams__get_lucky__single,Daft Punk feat. Pharrell Williams,Get Lucky,2013,hi,hi,hi,hi,hi,114.84375,245.94575963718800,-17.28213661544950,0.1468917578458790,0.28563696138315300,0.2070920480833730,Sleek disco-funk; smooth but absolutely a dancefloor record strong steady groove.,lo,lo,truth_ml_agree_feat_diff,truth_ml_agree_feat_diff,yes,,hi,yes,,hi
2013_lorde__royals__single,Lorde,Royals,2013,lo,hi,lo,hi,lo,84.72079918032790,189.47482993197300,-17.39191146600900,0.3524155946760990,0.37617765842112400,0.5609662378704400,Minimalist alt-pop; very sparse low-band energy.,lo,mid,truth_feat_agree_ml_diff,all_disagree,yes,lo,lo,yes,lo,lo
2013_the_neighbourhood__sweater_weather__album,The Neighbourhood,Sweater Weather,2013,mid,mid,mid,mid,mid,123.046875,238.51537414966000,-17.795169700640700,0.3479553596455560,0.3688245269062260,0.5591821438582230,Alt-pop mid-tempo groove; moody tone; subtly danceable.,lo,mid,truth_ml_agree_feat_diff,all_agree,yes,,mid,yes,,mid
2014_ariana_grande__one_last_time__album,Ariana Grande,One Last Time,2014,mid,hi,hi,hi,mid,126.04801829268300,196.1621768707480,-17.56748176578190,0.36221482696376700,0.4267804279310060,0.564885930785507,Mid-tempo EDM-pop ballad; big chorus but not a club banger sits comfortably in the middle.,mid,mid,truth_feat_agree_ml_diff,truth_feat_agree_ml_diff,yes,mid,mid,yes,hi,hi
2014_mark_ronson_bruno_mars__uptown_funk__album,Mark Ronson feat. Bruno Mars,Uptown Funk,2014,hi,hi,hi,hi,mid,114.84375,268.9799546485260,-17.484881276971100,0.39127463829728600,0.5455703232165260,0.5765098553189150,Retro-funk pastiche; long but massive groove.,hi,hi,all_agree,all_agree,yes,,hi,yes,,hi
2014_pharrell_williams__happy__single,Pharrell Williams,Happy,2014,hi,lo,hi,mid,hi,161.4990234375,231.0849886621320,-17.631230000881800,0.37428353840031900,0.2425703566411340,0.5697134153601280,Uptempo feel-good soul-pop; very high valence.,hi,lo,truth_feat_agree_ml_diff,all_disagree,yes,hi,hi,yes,hi,hi
2014_sam_smith__stay_with_me__album,Sam Smith,Stay With Me,2014,mid,mid,lo,hi,lo,84.72079918032790,171.64190476190500,-17.647530758828700,0.3399069583174200,0.2671226177743580,0.5559627833269680,Gospel-tinged ballad; slow emotional delivery; low danceability.,lo,lo,truth_ml_agree_feat_diff,truth_feat_agree_ml_diff,yes,mid,mid,yes,lo,lo
2014_sia__chandelier__album,Sia,Chandelier,2014,hi,lo,mid,lo,lo,114.84375,214.73814058956900,-18.79923346808760,0.35701271798294800,0.3817263869512470,0.5628050871931790,Soaring pop ballad over trap-influenced drums; vocally intense high energy but emotionally heavy with low-valence subject matter.,lo,mid,ml_feat_agree_truth_diff,truth_feat_agree_ml_diff,yes,,hi,yes,mid,mid
2014_taylor_swift__shake_it_off__album,Taylor Swift,Shake It Off,2014,hi,lo,hi,lo,hi,161.4990234375,216.96725623582800,-17.975698063334100,0.3670354452841300,0.21972415080565000,0.5668141781136520,Maximalist pop; very high energy and valence.,mid,lo,all_disagree,ml_feat_agree_truth_diff,yes,hi,hi,yes,hi,hi
2014_taylor_swift__style__album,Taylor Swift,Style,2014,mid,hi,mid,hi,mid,95.703125,229.59891156462600,-17.869900345822500,0.3567734592281370,0.4870669841694840,0.5627093836912550,"Cool mid-tempo pop; driving but not a club banger, strong mid-band reference.",lo,mid,all_disagree,truth_feat_agree_ml_diff,yes,mid,mid,yes,mid,mid
2015_adele__hello__album,Adele,Hello,2015,mid,mid,lo,lo,lo,156.60511363636400,294.24326530612200,-17.806540067020900,0.34892904283842200,0.21278195125141500,0.5595716171353690,Piano-led power ballad; slow build; heavy emotional weight; non-dance.,lo,lo,truth_ml_agree_feat_diff,all_agree,yes,mid,mid,yes,lo,lo
2015_justin_bieber__love_yourself__album,Justin Bieber,Love Yourself,2015,lo,hi,mid,hi,mid,95.703125,232.57106575963700,-17.12202795872670,0.36508065834257900,0.42315259037503700,0.5660322633370310,Minimal acoustic pop; low energy and danceability with lightly snarky tone.,mid,mid,all_disagree,truth_feat_agree_ml_diff,yes,lo,lo,yes,mid,mid
2016_drake__one_dance__album,Drake,One Dance,2016,mid,lo,hi,hi,mid,139.6748310810810,173.87102040816300,-17.277473198375500,0.4018872087629090,0.2867579061805350,0.5807548835051640,Afro-dancehall-inflected pop; mid energy very danceable moody but not dark.,hi,lo,all_disagree,truth_ml_agree_feat_diff,yes,mid,mid,yes,hi,hi
2016_justin_timberlake__cant_stop_the_feeling__album,Justin Timberlake,CAN'T STOP THE FEELING!,2016,hi,hi,hi,mid,hi,112.34714673913000,235.54321995464900,-18.16900437091860,0.3662699922341680,0.540479303342583,0.5665079968936670,"Uplifting disco-funk pop; designed as a feel-good family dance track with clearly high energy, high danceability and high valence.",mid,hi,truth_ml_agree_feat_diff,truth_feat_agree_ml_diff,yes,,hi,yes,hi,hi
2016_the_chainsmokers_ft_halsey__closer__single,The Chainsmokers feat. Halsey,Closer,2016,mid,mid,mid,lo,mid,95.703125,244.45968253968300,-18.440503095090400,0.3726911683115070,0.3728568446020890,0.5690764673246030,EDM-pop with mellow energy; streaming-era staple.,mid,mid,all_agree,truth_feat_agree_ml_diff,yes,,mid,yes,mid,mid
2017_daniel_caesar_h_e_r__best_part__album,Daniel Caesar feat. H.E.R.,Best Part,2017,lo,lo,lo,hi,mid,143.5546875,209.53687074829900,-17.397813740434200,0.35408642255581600,0.21150807670692100,0.5616345690223260,Modern neo-soul slow jam; intimate super low energy and dance but warm/mid valence rather than tragic.,lo,lo,all_agree,truth_feat_agree_ml_diff,yes,,lo,yes,lo,lo
2017_ed_sheeran__shape_of_you__album,Ed Sheeran,Shape of You,2017,mid,hi,hi,hi,mid,129.19921875,231.0849886621320,-17.382715406812000,0.361187684150181,0.33507028141151900,0.5644750736600720,Caribbean-inflected pop; heavy on groove with mid valence.,mid,lo,truth_feat_agree_ml_diff,truth_ml_agree_feat_diff,yes,mid,mid,yes,,hi
2017_imagine_dragons__believer__album,Imagine Dragons,Believer,2017,hi,lo,mid,lo,mid,126.04801829268300,203.59256235827700,-18.52252561998450,0.35896842085055500,0.3638405061178300,0.563587368340222,"Arena/pop rock anthem; very high energy with a strong but not club-focused groove, emotionally intense but ultimately uplifting.",lo,lo,ml_feat_agree_truth_diff,ml_feat_agree_truth_diff,yes,hi,hi,yes,mid,mid
2017_luis_fonsi_daddy_yankee_ft_justin_bieber__despacito__single,Luis Fonsi & Daddy Yankee feat. Justin Bieber,Despacito (Remix),2017,mid,hi,hi,hi,mid,89.10290948275860,228.1128344671200,-17.854215303532300,0.3775626590982960,0.4396050338207130,0.5710250636393180,Reggaeton-pop crossover; rhythmic sensual.,hi,mid,ml_feat_agree_truth_diff,truth_ml_agree_feat_diff,yes,mid,mid,yes,,hi
2018_calvin_harris_dua_lipa__one_kiss__album,Calvin Harris & Dua Lipa,One Kiss,2018,hi,hi,hi,hi,mid,123.046875,212.50902494331100,-17.393361831999100,0.3695240907827700,0.4960899692673660,0.5678096363131080,House-pop; club-focused hi-dance cut with a cool mid-valence feel.,mid,mid,truth_ml_agree_feat_diff,truth_ml_agree_feat_diff,yes,,hi,yes,,hi
2018_marshmello_bastille__happier__single,Marshmello & Bastille,Happier,2018,mid,mid,mid,lo,lo,99.38401442307690,213.99510204081600,-18.06084242062630,0.3682704773125120,0.46272922642106700,0.5673081909250050,Sad-pop mid-tempo; bounce in the drums but emotional tone is clearly down strong “mid” energy with low-ish valence.,mid,mid,all_agree,truth_feat_agree_ml_diff,yes,,mid,yes,mid,mid
2018_post_malone__better_now__album,Post Malone,Better Now,2018,mid,hi,mid,hi,mid,97.50884433962260,231.0849886621320,-17.711648288057900,0.36635836339964900,0.42063845552032200,0.5665433453598600,Mid-tempo emo-rap pop; steady groove; bittersweet reflective tone.,mid,mid,truth_feat_agree_ml_diff,truth_feat_agree_ml_diff,yes,mid,mid,yes,mid,mid
2019_billie_eilish__bad_guy__album,Billie Eilish,bad guy,2019,mid,hi,mid,hi,mid,135.99917763157900,191.7039455782310,-17.17189876668880,0.343037401491191,0.3385543855796370,0.5572149605964760,Minimal off-kilter pop; quirky cool rather than bright.,lo,lo,all_disagree,all_disagree,yes,mid,mid,yes,mid,mid
2019_dua_lipa__dont_start_now__album,Dua Lipa,Don't Start Now,2019,hi,hi,hi,hi,mid,123.046875,182.04444444444400,-17.622510228102100,0.3865560508194530,0.4480596841021020,0.5746224203277810,Nu-disco pop; high-energy and very danceable.,hi,mid,all_agree,truth_ml_agree_feat_diff,yes,,hi,yes,,hi
2019_lewis_capaldi__someone_you_loved__album,Lewis Capaldi,Someone You Loved,2019,mid,hi,lo,hi,lo,109.95678191489400,181.3014058956920,-17.603621998521900,0.3464789045337780,0.4797144076538890,0.5585915618135110,Piano ballad; emotionally raw vocal; minimal groove; non-dance.,lo,mid,all_disagree,all_disagree,yes,mid,mid,yes,lo,lo
2020_bts__dynamite__single,BTS,Dynamite,2020,hi,hi,hi,hi,hi,114.84375,199.13433106576000,-17.766374990085800,0.3688268854678470,0.5538678126895570,0.5675307541871390,Disco-pop; very bright high-valence.,mid,hi,truth_ml_agree_feat_diff,all_agree,yes,,hi,yes,,hi
2020_dua_lipa__levitating__album,Dua Lipa,Levitating,2020,hi,hi,hi,hi,mid,103.359375,202.84952380952400,-17.896128462560900,0.3686783170942150,0.5131444496745750,0.5674713268376860,Another nu-disco cut; strong groove and fun tone.,mid,mid,truth_ml_agree_feat_diff,truth_ml_agree_feat_diff,yes,,hi,yes,,hi
2020_harry_styles__watermelon_sugar__album,Harry Styles,Watermelon Sugar,2020,hi,mid,hi,hi,hi,95.703125,173.87102040816300,-17.786724547008500,0.36519727464829800,0.4356372833328850,0.5660789098593190,Summery retro-pop; bright high-energy feel; very singalong and fun.,mid,mid,ml_feat_agree_truth_diff,truth_ml_agree_feat_diff,yes,hi,hi,yes,,hi
2020_the_weeknd__blinding_lights__album,The Weeknd,Blinding Lights,2020,hi,hi,hi,hi,mid,86.1328125,200.6204081632650,-17.68952181331730,0.35478740956657500,0.47513041407348800,0.5619149638266300,Feels like ~85.5 BPM double-time; retro synthwave pop.,lo,mid,truth_ml_agree_feat_diff,truth_ml_agree_feat_diff,yes,,hi,yes,,hi
2021_doja_cat__kiss_me_more__album,Doja Cat feat. SZA,Kiss Me More,2021,hi,hi,hi,hi,hi,109.95678191489400,208.05079365079400,-17.362633028449600,0.3857425354639400,0.6222293575372470,0.5742970141855760,Playful disco-pop; high energy very danceable bright flirtatious tone.,hi,hi,all_agree,all_agree,yes,,hi,yes,,hi
2021_farruko__pepas__album,Farruko,Pepas,2021,hi,hi,hi,mid,hi,129.19921875,286.0698412698410,-17.660289590285400,0.38138525441485100,0.4338848767288470,0.5725541017659410,"EDM/reggaeton party anthem; archetypal festival hi-energy, hi-dance, euphoric feel.",hi,mid,all_agree,ml_feat_agree_truth_diff,yes,,hi,yes,hi,hi
2021_olivia_rodrigo__drivers_license__album,Olivia Rodrigo,drivers license,2021,mid,lo,lo,lo,lo,143.5546875,240.74448979591800,-18.14095548852430,0.3703343529613090,0.303031448713738,0.5681337411845240,Slow emotional ballad; breakup narrative.,mid,lo,truth_feat_agree_ml_diff,all_agree,yes,mid,mid,yes,,lo
2022_djo__end_of_beginning__album,Djo,End of Beginning,2022,mid,lo,mid,lo,mid,161.4990234375,157.5241723356010,-18.24152850523830,0.3602379886954490,0.16800045760095700,0.5640951954781790,Indie pop rock; driving mid energy; nostalgic bittersweet feel.,lo,lo,ml_feat_agree_truth_diff,ml_feat_agree_truth_diff,yes,mid,mid,yes,mid,mid
2022_glass_animals__heat_waves__album,Glass Animals,Heat Waves,2022,mid,lo,mid,lo,mid,161.4990234375,237.0292970521540,-18.345973576177800,0.3608326683978450,0.17687077826640500,0.564333067359138,Alt-pop slow-burn; hazy mid valence.,mid,lo,truth_feat_agree_ml_diff,ml_feat_agree_truth_diff,yes,mid,mid,yes,mid,mid
2022_harry_styles__as_it_was__album,Harry Styles,As It Was,2022,mid,lo,mid,hi,mid,172.265625,164.95455782312900,-17.53683110372160,0.3537193204350320,0.23551522530944600,0.5614877281740130,Feels like ~87 BPM double-time; bittersweet pop.,lo,lo,ml_feat_agree_truth_diff,all_disagree,yes,mid,mid,yes,mid,mid
2022_steve_lacy__bad_habit__album,Steve Lacy,Bad Habit,2022,mid,hi,mid,hi,mid,84.72079918032790,231.82802721088400,-17.534561734997000,0.374507897911564,0.3459291174191300,0.5698031591646260,Laid-back alt R&B; loping mid energy; strong head-nod groove.,hi,lo,ml_feat_agree_truth_diff,all_disagree,yes,mid,mid,yes,mid,mid
2023_miley_cyrus__flowers__album,Miley Cyrus,Flowers,2023,mid,hi,mid,hi,mid,117.45383522727300,198.3912925170070,-17.379641963275800,0.362116471105406,0.5208472432244900,0.5648465884421620,Mid-tempo self-empowerment pop; steady groove.,mid,hi,truth_feat_agree_ml_diff,ml_feat_agree_truth_diff,yes,mid,mid,yes,mid,mid
2023_teddy_swims__lose_control__album,Teddy Swims,Lose Control,2023,hi,lo,mid,hi,mid,161.4990234375,208.05079365079400,-17.59147953965630,0.3582620252732590,0.20318733133225100,0.5633048101093040,Soulful belter; strong vocal intensity; mid-tempo band groove.,lo,lo,ml_feat_agree_truth_diff,all_disagree,yes,hi,hi,yes,mid,mid
2023_tyla__water__single,Tyla,Water,2023,hi,lo,hi,hi,mid,156.60511363636400,199.87736961451200,-17.552090018867000,0.37352702291965400,0.2316966909055630,0.5694108091678620,Afro-pop club track; very danceable; sensual mid-valence tone.,mid,lo,all_disagree,truth_ml_agree_feat_diff,yes,hi,hi,yes,hi,hi
2024_billie_eilish__birds_of_a_feather__album,Billie Eilish,BIRDS OF A FEATHER,2024,mid,hi,mid,hi,mid,105.46875,208.79383219954600,-17.471191829582400,0.377191836875466,0.5525585301034790,0.5708767347501860,Dreamy indie-pop; floating mid energy; mid danceability and mood.,hi,hi,ml_feat_agree_truth_diff,ml_feat_agree_truth_diff,yes,mid,mid,yes,mid,mid
2024_hoizer__too_sweet__album,Hozier,Too Sweet,2024,mid,hi,mid,mid,mid,117.45383522727300,248.91791383220000,-17.711790990922900,0.36658399571785600,0.466686733802675,0.5666335982871430,Groovy alt-soul; swung mid energy; subtly danceable; wry tone.,mid,mid,truth_feat_agree_ml_diff,all_agree,yes,mid,mid,yes,,mid
2024_kendrick_lamar__not_like_us__single,Kendrick Lamar,Not Like Us,2024,hi,hi,hi,hi,mid,101.33272058823500,273.43818594104300,-17.175859384564200,0.3371693721086300,0.49233422824694200,0.554867748843452,West Coast club rap; very high energy; very danceable; aggressive but fun.,lo,mid,truth_ml_agree_feat_diff,truth_ml_agree_feat_diff,yes,,hi,yes,,hi
2024_sabrina_carpenter__espresso__album,Sabrina Carpenter,Espresso,2024,hi,hi,hi,hi,hi,105.46875,173.12798185941000,-17.51987128487380,0.3710460508940740,0.6296493221288860,0.5684184203576300,Uptempo pop; very punchy groove; playful high-valence tone.,mid,hi,truth_ml_agree_feat_diff,all_agree,yes,,hi,yes,,hi
2024_sabrina_carpenter__please_please_please__album,Sabrina Carpenter,Please Please Please,2024,mid,lo,mid,mid,mid,107.666015625,185.0165986394560,-18.315439861831000,0.3557311917593760,0.5458845359896960,0.5622924767037510,Mid-tempo pop; steady rhythmic feel; playful yet slightly tense mood.,lo,hi,ml_feat_agree_truth_diff,truth_ml_agree_feat_diff,yes,mid,mid,yes,,mid
2024_taylor_swift_post_malone__fortnight__album,Taylor Swift feat. Post Malone,Fortnight,2024,mid,mid,mid,lo,lo,95.703125,226.62675736961500,-18.559235254802200,0.359849748696272,0.5273886828016100,0.5639398994785090,Moody synth-pop; mid energy; low-valence bittersweet tone; subtle groove.,lo,hi,truth_ml_agree_feat_diff,all_disagree,yes,,mid,yes,mid,mid
2025_alex_warren__ordinary__single,Alex Warren,Ordinary,2025,mid,lo,lo,lo,mid,112.34714673913000,186.50267573696100,-18.958532079120300,0.35165290143899200,0.5406124982840590,0.5606611605755970,"Heartfelt 2025 summer ballad; moderate tempo, steady build, emotionally romantic but more intimate than euphoric.",lo,hi,ml_feat_agree_truth_diff,truth_ml_agree_feat_diff,yes,mid,mid,yes,,lo
