match_status,match_key,audio_file,local_year,local_artist_slug,local_title_slug,HCI_v1_score,HCI_v1_raw,HCI_axis_Danceability,HCI_axis_Energy,HCI_axis_LoudnessFit,HCI_axis_RuntimeFit,HCI_axis_TempoFit,HCI_axis_Valence,feat_tempo_bpm,feat_key,feat_mode,feat_loudness_LUFS,feat_energy,feat_danceability,feat_valence,feat_duration_sec,drift_pct_vs_EchoTarget_v2,drift_pct_vs_success_index_raw,drift_pass_fail_vs_EchoTarget_v2,spotify_id,spotify_tempo,spotify_duration_sec,spotify_loudness,spotify_danceability,spotify_energy,spotify_valence,tempo_drift_pct,duration_drift_pct,loudness_diff_db,danceability_diff,energy_diff,valence_diff,meta_year,meta_year_end_rank,meta_title,meta_artist,meta_best_rank,meta_weeks_on_chart,meta_chart_points,meta_s_rank,meta_s_weeks,meta_s_peak,meta_success_index_raw,meta_echo_z,meta_EchoTarget_v2,meta_echo_decile,meta_id,meta_spotify_album,meta_spotify_artist,meta_spotify_id,meta_spotify_name,meta_spotify_popularity,meta_spotify_release_date
matched,1985|a ha|take on me,1985_a_ha__take_on_me__single.hci.json,1985,a ha,take on me,0.6634270946256674,0.32825361760214755,0.40490170726089236,0.3802475839026113,0.5,0.03350253745085038,0.1498150006745772,0.5010548763239542,,,,,,,,,-21.65,-24.49,FAIL,2WfaOiMkCvy7F5fcp2zZ8L,,,,,,,,,,,,,1985,1,Take On Me,a-ha,1,25,1605.0,1.0,0.5952380952380952,1.0,0.8785714285714286,1.314987366057579,0.8467692896562747,9,1,Hunting High and Low,a-ha,2WfaOiMkCvy7F5fcp2zZ8L,Take on Me,87.0,1985-06-01
matched,1985|animotion|obsession,1985_animotion__obsession__album.hci.json,1985,animotion,obsession,0.9820290577435941,0.4952200370135597,0.5070656339509174,0.375824027304497,0.5,1.078820410944036e-17,0.9795814574168512,0.6088491034090926,,,,,,,,,68.57,44.03,FAIL,3N7GqZMpZJW69Te1bfUTc3,,,,,,,,,,,,,1985,15,Obsession,Animotion,6,24,1431.0,0.641025641025641,0.5714285714285714,0.9494949494949495,0.6818403818403818,0.2563466157837646,0.5825500871802847,6,15,Obsession: The Best Of Animotion,Animotion,3N7GqZMpZJW69Te1bfUTc3,Obsession,57.0,1996-01-01
matched,1985|aretha franklin|freeway of love,1985_aretha_franklin__freeway_of_love__album.hci.json,1985,aretha franklin,freeway of love,0.7408310286864059,0.36881789282506877,0.47653637710945584,0.3576386923882311,0.5,2.3307713990615004e-21,0.6044503416676599,0.27428194578506615,,,,,,,,,183.7,52.59,FAIL,0lpIVCLNQRBKffcRRNrHyh,,,,,,,,,,,,,1985,28,Freeway Of Love,Aretha Franklin,3,19,1361.0,0.3076923076923077,0.4523809523809524,0.9797979797979798,0.48552003552003553,-0.8000840908891728,0.26112890145457873,3,28,Who's Zoomin' Who? (Expanded Edition),Aretha Franklin,0lpIVCLNQRBKffcRRNrHyh,Freeway Of Love,45.0,1985
matched,1985|billy ocean|suddenly,1985_billy_ocean__suddenly__album.hci.json,1985,billy ocean,suddenly,0.78468289410989,0.39179888416177366,0.40231349329927,0.3859299170761101,0.5,0.006286817893236484,0.4701867510987009,0.5860763256033246,,,,,,,,,102.26,37.9,FAIL,65h7Qhxl2WfW31Bl6sjWAI,,,,,,,,,,,,,1985,23,Suddenly,Billy Ocean,4,22,1389.0,0.4358974358974359,0.5238095238095238,0.9696969696969697,0.5690309690309691,-0.3506986035596361,0.387956963935459,5,23,Suddenly (Expanded Edition),Billy Ocean,65h7Qhxl2WfW31Bl6sjWAI,Suddenly,60.0,1984-09-12
matched,1985|bryan adams|heaven,1985_bryan_adams__heaven__album.hci.json,1985,bryan adams,heaven,0.5088829220782574,0.24726325935507806,0.2435080180809705,0.35390951339738125,0.5,0.0008447611825582086,0.010727905304910116,0.3745893581646482,,,,,,,,,32.61,-10.17,FAIL,7Ewz6bJ97vUqk5HdkvguFQ,,,,,,,,,,,,,1985,22,Heaven,Bryan Adams,1,19,1394.0,0.46153846153846156,0.4523809523809524,1.0,0.5664835164835165,-0.3644068469758826,0.38373404332801964,5,22,Reckless (30th Anniversary / Deluxe Edition),Bryan Adams,7Ewz6bJ97vUqk5HdkvguFQ,Heaven,83.0,1984-11-05
matched,1985|commodores|nightshift,1985_commodores__nightshift__album.hci.json,1985,commodores,nightshift,0.9602832651527554,0.48382394550607694,0.5322030865287433,0.3715985101518011,0.5,4.471981994720786e-12,0.8968923318441594,0.6022497445072859,,,,,,,,,100.37,54.3,FAIL,23IK8TF2MSiLnuEjaYPfVV,,,,,,,,,,,,,1985,19,Nightshift,Commodores,3,22,1405.0,0.5384615384615384,0.5238095238095238,0.9797979797979798,0.6223332223332223,-0.06387078271077162,0.47925391342258666,5,19,Nightshift,Commodores,23IK8TF2MSiLnuEjaYPfVV,Nightshift,65.0,1985-01-01
matched,1985|corey hart|never surrender,1985_corey_hart__never_surrender__album.hci.json,1985,corey hart,never surrender,0.8902551596847574,0.4471250441128405,0.44268660281707983,0.36542669889717233,0.5,7.3041449020376e-10,0.8265786507073936,0.5480583115249824,,,,,,,,,172.12,67.62,FAIL,5U5p472hgeXUKvh0d8RL4K,,,,,,,,,,,,,1985,25,Never Surrender,Corey Hart,3,20,1382.0,0.3846153846153846,0.47619047619047616,0.9797979797979798,0.5311244311244311,-0.5546796548297059,0.32715442219441554,4,25,Boy In The Box,Corey Hart,5U5p472hgeXUKvh0d8RL4K,Never Surrender,50.0,1985-01-01
matched,1985|debarge|rhythm of the night,1985_debarge__rhythm_of_the_night__album.hci.json,1985,debarge,rhythm of the night,1.0,0.5095476161121386,0.551858513660791,0.37860479364240507,0.5,0.013415664368606433,0.9795814574168512,0.633825267584178,,,,,,,,,69.39,45.68,FAIL,5yGTQzYbEdY6B9RFZJypgt,,,,,,,,,,,,,1985,14,Rhythm Of The Night,Debarge,3,22,1432.0,0.6666666666666667,0.5238095238095238,0.9797979797979798,0.6864357864357865,0.2810752117503273,0.5903464523716736,6,14,Rhythm Of The Night,DeBarge,5yGTQzYbEdY6B9RFZJypgt,Rhythm Of The Night,64.0,1985
matched,1985|diana ross|missing you,1985_diana_ross__missing_you__album.hci.json,1985,diana ross,missing you,0.5610493014098648,0.2746015515784441,0.2083051239319051,0.3778584723120542,0.5,0.0006171134203807237,9.466490324596675e-05,0.5607339349030787,,,,,,,,,172.07,27.07,FAIL,0jVfjWK9DUc5ShqwwPADyp,,,,,,,,,,,,,1985,32,Missing You,Diana Ross,10,22,1338.0,0.20512820512820518,0.5238095238095238,0.9090909090909091,0.44152514152514155,-1.03682754526953,0.2062178680383253,2,32,Swept Away (Expanded Edition),Diana Ross,0jVfjWK9DUc5ShqwwPADyp,Missing You,37.0,1984-09-13
matched,1985|dire straits|money for nothing,1985_dire_straits__money_for_nothing__single.hci.json,1985,dire straits,money for nothing,0.6937117616531685,0.3441245882865846,0.3794127404640498,0.3740577455820918,0.5,0.0006171134203807237,0.2300894670195502,0.580570463233435,,,,,,,,,-9.75,-13.92,PASS,4yqtwO7MQIIXqoiRBPHAgR,,,,,,,,,,,,,1985,5,Money For Nothing,Dire Straits,1,22,1526.0,0.8974358974358975,0.5238095238095238,1.0,0.8058608058608059,0.9237200523402763,0.7686734819635468,8,5,Brothers in Arms,Dire Straits,4yqtwO7MQIIXqoiRBPHAgR,Money for Nothing,68.0,1985-05-13
matched,1985|foreigner|i want to know what love is,1985_foreigner__i_want_to_know_what_love_is__album.hci.json,1985,foreigner,i want to know what love is,0.5633024400190094,0.2757823305112696,0.288408530851917,0.3610912179194051,0.5,1.4555082652525036e-11,0.08280153170414,0.4223927025776003,,,,,,,,,277.13,46.11,FAIL,1JLn8RhQzHz3qDqsChcmBl,,,,,,,,,,,,,1985,35,I Want To Know What Love Is,Foreigner,1,17,1319.0,0.1282051282051282,0.40476190476190477,1.0,0.38553113553113555,-1.3381401113403544,0.14936601769102933,1,35,Agent Provocateur,Foreigner,1JLn8RhQzHz3qDqsChcmBl,I Want to Know What Love Is - 1999 Remaster,85.0,1984
matched,1985|glenn frey|the heat is on,1985_glenn_frey__the_heat_is_on__album.hci.json,1985,glenn frey,the heat is on,0.5766281732749823,0.28276580903728804,0.3339757744484863,0.3691300786280607,0.5,0.02407567762401959,0.029848817234061447,0.4395645062891002,,,,,,,,,14.72,-9.29,PASS,0PXw9NKvolWTo7U9JkNzmc,,,,,,,,,,,,,1985,17,The Heat Is On,Glenn Frey,2,20,1417.0,0.5897435897435898,0.47619047619047616,0.98989898989899,0.6357087357087358,0.008104961588038093,0.5026340881471588,6,17,Above The Clouds - The Collection (Deluxe),Glenn Frey,0PXw9NKvolWTo7U9JkNzmc,"The Heat Is On - From ""Beverly Hills Cop"" Soundtrack",64.0,2018-04-27
matched,1985|howard jones|things can only get better,1985_howard_jones__things_can_only_get_better__album.hci.json,1985,howard jones,things can only get better,0.9937114310345783,0.5013422969630414,0.5614971029475152,0.36883810198731104,0.5,0.004205808865885937,0.9532130060898774,0.6202997618876588,,,,,,,,,42.46,31.85,FAIL,2zbXf2qz52eXmw4dpHWWq6,,,,,,,,,,,,,1985,9,Things Can Only Get Better,Howard Jones,5,23,1454.0,0.7948717948717949,0.5476190476190477,0.9595959595959596,0.7536408036408037,0.6427159950342611,0.6975231154095843,8,9,Dream Into Action (2018 Expanded & Remastered Edition),Howard Jones,2zbXf2qz52eXmw4dpHWWq6,Things Can Only Get Better - 2018 Remaster,58.0,1985-03-11
matched,1985|huey lewis and the news|the power of love,1985_huey_lewis_and_the_news__the_power_of_love__album.hci.json,1985,huey lewis and the news,the power of love,0.9668212674694374,0.4872502484272421,0.5035879240271972,0.3756506429990568,0.5,0.005507787161088884,0.9269289476361902,0.6118261887399197,,,,,,,,,54.58,36.65,FAIL,3tMW1Zbt9Z6cnEBO0HSZ5t,,,,,,,,,,,,,1985,11,The Power Of Love,Huey Lewis & The News,1,19,1440.0,0.7435897435897436,0.4523809523809524,1.0,0.7075091575091574,0.3944743408385335,0.6254665288914656,7,11,Back To The Future (Original Motion Picture Soundtrack),Huey Lewis & The News,3tMW1Zbt9Z6cnEBO0HSZ5t,The Power Of Love - From “Back To The Future” Soundtrack,43.0,1985-01-01
matched,1985|jan hammer|miami vice theme,1985_jan_hammer__miami_vice_theme__album.hci.json,1985,jan hammer,miami vice theme,1.0,0.5812652907117273,0.6919549650310954,0.36016772648813977,0.5,0.2581911510366789,0.9795814574168512,0.6976964442975985,,,,,,,,,520.64,151.03,FAIL,1biP5gM7Le8S3E7GJEKgXC,,,,,,,,,,,,,1985,34,Miami Vice Theme,Jan Hammer,1,17,1328.0,0.15384615384615385,0.40476190476190477,1.0,0.3983516483516484,-1.2691509124481346,0.16112298080412463,2,34,Escape From Television,Jan Hammer,1biP5gM7Le8S3E7GJEKgXC,Miami Vice Theme,42.0,1987-01-01
matched,1985|john parr|st elmos fire man in motion,1985_john_parr__st_elmos_fire_man_in_motion__album.hci.json,1985,john parr,st elmos fire man in motion,1.0,0.5282462770481969,0.637835961798444,0.36476729924837764,0.5,0.0001641674658929688,0.9996926215910155,0.667017612185451,,,,,,,,,61.67,42.19,FAIL,1A2PWRltFrX8iB8IP3CUgo,,,,,,,,,,,,,1985,13,St. Elmo's Fire (Man In Motion),John Parr,1,22,1434.0,0.6923076923076923,0.5238095238095238,1.0,0.7032967032967032,0.37180646120251853,0.6185382382140602,7,13,St. Elmo's Fire - Music From The Original Motion Picture Soundtrack,John Parr,1A2PWRltFrX8iB8IP3CUgo,St. Elmos Fire (Man in Motion),62.0,1985-01-01
matched,1985|kool and the gang|cherish,1985_kool_and_the_gang__cherish__single.hci.json,1985,kool and the gang,cherish,0.8652250653687301,0.4340077827357342,0.5978949845218546,0.3751921898943214,0.5,0.0027708162088236174,0.5078745798459132,0.6203141259434924,,,,,,,,,3.89,0.17,PASS,2yCAGizViD7HZXwNYxJToQ,,,,,,,,,,,,,1985,2,Cherish,Kool & The Gang,2,25,1598.0,0.9743589743589743,0.5952380952380952,0.98989898989899,0.8637307137307138,1.2351271418853735,0.8328086980956232,9,2,Collected,Kool & The Gang,2yCAGizViD7HZXwNYxJToQ,Cherish - Single Version,68.0,2018-05-25
matched,1985|madonna|crazy for you,1985_madonna__crazy_for_you__album.hci.json,1985,madonna,crazy for you,0.8153975964466065,0.4078952189811253,0.4874970300550715,0.3670135454414734,0.5,0.02692474703360782,0.5078745798459132,0.5580614115106861,,,,,,,,,9.76,3.75,PASS,6G7PVlifniapyhDCmWS2VM,,,,,,,,,,,,,1985,6,Crazy For You,Madonna,1,21,1519.0,0.8717948717948718,0.5,1.0,0.785897435897436,0.8162940140652489,0.7429164039247522,8,6,The Immaculate Collection,Madonna,6G7PVlifniapyhDCmWS2VM,Crazy for You - Edit,64.0,1990
matched,1985|mary jane girls|in my house,1985_mary_jane_girls__in_my_house__album.hci.json,1985,mary jane girls,in my house,1.0,0.517480881333377,0.5979723236793213,0.40381810208688756,0.5,1.9466738923952084e-11,0.9269289476361902,0.676165914578396,,,,,,,,,403.56,130.01,FAIL,11vItFXykyMe5BNKmItbo2,,,,,,,,,,,,,1985,33,In My House,Mary Jane Girls,7,22,1336.0,0.17948717948717952,0.5238095238095238,0.9393939393939394,0.43476523476523476,-1.0732036683217914,0.19858451083939996,2,33,Only Four You,Mary Jane Girls,11vItFXykyMe5BNKmItbo2,In My House,51.0,1985-01-01
matched,1985|murray head|one night in bangkok,1985_murray_head__one_night_in_bangkok__album.hci.json,1985,murray head,one night in bangkok,1.0,0.5188517231130338,0.5800847324951997,0.4182862616886442,0.5,0.005507787161088884,0.9532130060898774,0.656018551243393,,,,,,,,,352.26,120.17,FAIL,0F8Uf6JE5bCOTVAsoQ98iJ,,,,,,,,,,,,,1985,31,One Night In Bangkok,Murray Head,3,20,1338.0,0.23076923076923073,0.47619047619047616,0.9797979797979798,0.4542013542013542,-0.9686148481830237,0.22111175860624388,3,31,"One Night in Bangkok (U.S. Club ""Promo"" Long version Remix)",Murray Head,0F8Uf6JE5bCOTVAsoQ98iJ,"One Night in Bangkok - U.S. Club ""Promo"" Long version Remix",30.0,1985
matched,1985|paul young|everytime you go away,1985_paul_young__everytime_you_go_away__single.hci.json,1985,paul young,everytime you go away,0.6285003003618904,0.30994989554509483,0.4045276297985738,0.3657913472925556,0.5,3.0224693706296965e-06,0.10115131698722613,0.4882260567228429,,,,,,,,,-20.7,-23.89,FAIL,0yNvCWhV6EyDpYAAczCm1E,,,,,,,,,,,,,1985,4,Everytime You Go Away,Paul Young,1,23,1590.0,0.9230769230769231,0.5476190476190477,1.0,0.8258241758241758,1.0311460906153038,0.792570496698464,9,4,The Secret Of Association,Paul Young,0yNvCWhV6EyDpYAAczCm1E,Every Time You Go Away - Single Version,43.0,1985-12-17
matched,1985|phil collins|dont lose my number,1985_phil_collins__don_t_lose_my_number__album.hci.json,1985,phil collins,don t lose my number,0.5443578638540202,0.2658542433815483,0.2436122261764883,0.36682619121592946,0.5,7.589056391397256e-09,0.08280153170414,0.4018855036036756,,,,,,,,,357.1,56.36,FAIL,2ZIzyHDYsXIHUojfr6bAbO,,,,,,,,,,,,,1985,38,Don't Lose My Number,Phil Collins,4,18,1300.0,0.05128205128205132,0.42857142857142855,0.9696969696969697,0.3481518481518482,-1.5392839444741635,0.11909071615144375,1,38,No Jacket Required (2016 Remaster),Phil Collins,2ZIzyHDYsXIHUojfr6bAbO,Don't Lose My Number - 2016 Remaster,63.0,1985-01-25
matched,1985|phil collins|one more night,1985_phil_collins__one_more_night__album.hci.json,1985,phil collins,one more night,0.45932925741547664,0.2212941853528696,0.1494415177978538,0.35095400497359147,0.5,7.589056391397256e-09,0.00716270327210162,0.32020687848461404,,,,,,,,,243.66,25.15,FAIL,6fkvIT9KFKxO8poBeKfaEf,,,,,,,,,,,,,1985,37,One More Night,Phil Collins,1,18,1304.0,0.07692307692307687,0.42857142857142855,1.0,0.367032967032967,-1.4376816697419859,0.13365907462272547,1,37,No Jacket Required (2016 Remaster),Phil Collins,6fkvIT9KFKxO8poBeKfaEf,One More Night - 2016 Remaster,71.0,1985-01-25
matched,1985|prince and the revolution|raspberry beret,1985_prince_and_the_revolution__raspberry_beret__album.hci.json,1985,prince and the revolution,raspberry beret,0.973634110927486,0.49082058448879295,0.47449237084253904,0.3830786964094487,0.5,0.13888861498796032,0.8428915398215626,0.605572284871247,,,,,,,,,877.96,204.82,FAIL,2I1W3hcSsPIsEJfD69pHrW,,,,,,,,,,,,,1985,40,Raspberry Beret,Prince And The Revolution,2,17,1291.0,0.0,0.40476190476190477,0.98989898989899,0.3194083694083694,-1.693957131081439,0.09955809812366366,1,40,Around The World In A Day,Prince,2I1W3hcSsPIsEJfD69pHrW,Raspberry Beret,63.0,1985-04-22
matched,1985|ready for the world|oh sheila,1985_ready_for_the_world__oh_sheila__album.hci.json,1985,ready for the world,oh sheila,0.7810620656539972,0.38990135422609146,0.3979443219619153,0.38577711269064346,0.5,0.0017976512564459308,0.4701867510987009,0.5837022883488434,,,,,,,,,72.97,28.8,FAIL,5PM96PMKMfD1lLX2lryUsG,,,,,,,,,,,,,1985,20,Oh Sheila,Ready For The World,1,21,1403.0,0.5128205128205128,0.5,1.0,0.6064102564102565,-0.14955477042582663,0.4515472281762947,5,20,Ready For The World,Ready For The World,5PM96PMKMfD1lLX2lryUsG,Oh Sheila,55.0,1985-01-01
matched,1985|reo speedwagon|cant fight this feeling,1985_reo_speedwagon__can_t_fight_this_feeling__album.hci.json,1985,reo speedwagon,can t fight this feeling,0.6142608464492656,0.30248757293132994,0.4174575143762224,0.35821765593443483,0.5,3.2462028291644127e-10,0.05520350850551627,0.4840467584471859,,,,,,,,,33.87,0.6,FAIL,5WwqdeavrQrbeAMDxGawse,,,,,,,,,,,,,1985,18,Can't Fight This Feeling,REO Speedwagon,1,18,1410.0,0.5641025641025641,0.42857142857142855,1.0,0.6106227106227107,-0.12688689078981166,0.4588550126826462,5,18,Wheels Are Turnin',REO Speedwagon,5WwqdeavrQrbeAMDxGawse,Can't Fight This Feeling,74.0,1984-11-05
matched,1985|sade|smooth operator,1985_sade__smooth_operator__single.hci.json,1985,sade,smooth operator,0.9483773803810831,0.47758455221798474,0.5219093472962435,0.3746343501677922,0.5,3.916028973766775e-05,0.8428915398215626,0.6260329157325722,,,,,,,,,699.08,172.84,FAIL,1Hv1VTm8zeOeybub15mA2R,,,,,,,,,,,,,1985,39,Smooth Operator,Sade,5,20,1295.0,0.02564102564102566,0.47619047619047616,0.9595959595959596,0.3475968475968476,-1.5422704898807533,0.11868401141806473,1,39,The Best of Sade,Sade,1Hv1VTm8zeOeybub15mA2R,Smooth Operator - Single Version,81.0,1994-10-31
matched,1985|simple minds|dont you forget about me,1985_simple_minds__dont_you_forget_about_me__album.hci.json,1985,simple minds,dont you forget about me,1.0,0.507887173873683,0.5406044126330242,0.3819930705666598,0.5,1.835963569495792e-05,0.9996926215910155,0.6250145788157037,,,,,,,,,36.01,28.17,FAIL,3fH4KjXFYMmljxrcGrbPj9,,,,,,,,,,,,,1985,7,Don't You (Forget About Me),Simple Minds,1,22,1472.0,0.8461538461538461,0.5238095238095238,1.0,0.7802197802197801,0.7857416545558362,0.7352577001814136,8,7,Once Upon A Time (Super Deluxe),Simple Minds,3fH4KjXFYMmljxrcGrbPj9,Don't You (Forget About Me),76.0,1985
matched,1985|starship|we built this city,1985_starship__we_built_this_city__album.hci.json,1985,starship,we built this city,0.6429939342247647,0.3175454236035594,0.3756883105643294,0.36348859733434474,0.5,5.583564307733052e-10,0.07886271745502214,0.5872329157093039,,,,,,,,,198.15,43.0,FAIL,6OnfBiiSc9RGKiBKKtZXgQ,,,,,,,,,,,,,1985,30,We Built This City,Starship,1,17,1352.0,0.2564102564102564,0.40476190476190477,1.0,0.44963369963369965,-0.9931941168792561,0.2156578271671904,3,30,Knee Deep In The Hoopla,Starship,6OnfBiiSc9RGKiBKKtZXgQ,We Built This City,77.0,1985-09-10
matched,1985|stevie wonder|part time lover,1985_stevie_wonder__part_time_lover__album.hci.json,1985,stevie wonder,part time lover,0.6818199747500462,0.33789258312193676,0.40901684949890094,0.3872070152546292,0.5,9.714535329260785e-05,0.21878066460800819,0.5122538240167898,,,,,,,,,112.96,29.49,FAIL,0Dm43YLUlGdePpSbI1ct8h,,,,,,,,,,,,,1985,24,Part-Time Lover,Stevie Wonder,1,17,1385.0,0.41025641025641024,0.40476190476190477,1.0,0.5265567765567766,-0.579258923525938,0.3201600010768301,4,24,In Square Circle,Stevie Wonder,0Dm43YLUlGdePpSbI1ct8h,Part-Time Lover,72.0,1985-09-13
matched,1985|sting|if you love somebody set them free,1985_sting__if_you_love_somebody_set_them_free__album.hci.json,1985,sting,if you love somebody set them free,0.8382402169406692,0.4198661136879345,0.4425220469787353,0.37607936015007043,0.5,3.916028973766775e-05,0.6044503416676599,0.5961057730414036,,,,,,,,,494.78,123.05,FAIL,5Xhqe9xu6bKRSqLj1mS1SB,,,,,,,,,,,,,1985,36,If You Love Somebody Set Them Free,Sting,3,18,1310.0,0.10256410256410253,0.42857142857142855,0.9797979797979798,0.37581307581307577,-1.3904345214097384,0.14093268989426724,1,36,The Dream Of The Blue Turtles,Sting,5Xhqe9xu6bKRSqLj1mS1SB,If You Love Somebody Set Them Free,58.0,1985-01-01
matched,1985|survivor|the search is over,1985_survivor__the_search_is_over__album.hci.json,1985,survivor,the search is over,0.8755511136652405,0.4394192475423697,0.4420638989547936,0.37313454536945595,0.5,0.0001380613530167328,0.7324869056817207,0.588692073895231,,,,,,,,,108.92,49.02,FAIL,1M3xrSPzPcKkCnXGHFPKaw,,,,,,,,,,,,,1985,21,The Search Is Over,Survivor,4,21,1402.0,0.4871794871794872,0.5,0.9696969696969697,0.5875291375291376,-0.25115704515800463,0.41909145751323246,5,21,Vital Signs,Survivor,1M3xrSPzPcKkCnXGHFPKaw,The Search Is Over,53.0,1984-01-01
matched,1985|tears for fears|everybody wants to rule the world,1985_tears_for_fears__everybody_wants_to_rule_the_world__single.hci.json,1985,tears for fears,everybody wants to rule the world,1.0,0.5119640722057086,0.5750190456424701,0.3635402003603822,0.5,0.0001380613530167328,0.9996926215910155,0.633394504287367,,,,,,,,,22.76,18.23,FAIL,4RvWPyQ5RL0ao9LPZeSouE,,,,,,,,,,,,,1985,3,Everybody Wants To Rule The World,Tears For Fears,1,24,1594.0,0.9487179487179487,0.5714285714285714,1.0,0.8457875457875457,1.1385721288903312,0.8145942949650404,9,3,Songs From The Big Chair (Super Deluxe Edition),Tears For Fears,4RvWPyQ5RL0ao9LPZeSouE,Everybody Wants To Rule The World,87.0,1985-02-25
matched,1985|tears for fears|shout,1985_tears_for_fears__shout__album.hci.json,1985,tears for fears,shout,0.8318671966586754,0.41652627118694224,0.4943062957359723,0.35885296530835786,0.5,2.636282803673389e-32,0.5852606708922576,0.5607376951850658,,,,,,,,,192.38,65.58,FAIL,2gQaQUhDCNGfBVXTvxAmXQ,,,,,,,,,,,,,1985,27,Shout,Tears For Fears,1,19,1370.0,0.33333333333333337,0.4523809523809524,1.0,0.5023809523809524,-0.709352841436981,0.28451824980212925,4,27,Songs From The Big Chair,Tears For Fears,2gQaQUhDCNGfBVXTvxAmXQ,Shout,75.0,1985-02-25
matched,1985|teena marie|lover girl,1985_teena_marie__lover_girl__album.hci.json,1985,teena marie,lover girl,0.9225337633459525,0.4640409564448527,0.5426258767799832,0.3695177541926387,0.5,2.6905129147221235e-05,0.7324869056817207,0.6395882968856266,,,,,,,,,49.3,31.24,FAIL,6JGEFDAbkolVtylkQfnnom,,,,,,,,,,,,,1985,12,Lover Girl,Teena Marie,4,21,1439.0,0.717948717948718,0.5,0.9696969696969697,0.7029137529137529,0.369745744871972,0.6179059475008777,7,12,Starchild (Expanded Edition),Teena Marie,6JGEFDAbkolVtylkQfnnom,Lovergirl,42.0,1985-11-11
matched,1985|til tuesday|voices carry,1985_til_tuesday__voices_carry__album.hci.json,1985,til tuesday,voices carry,0.9573374081374515,0.48228014083792675,0.5278931016853504,0.3698300145627697,0.5,6.8546550184919515e-06,0.8968923318441594,0.599058542280263,,,,,,,,,283.48,100.75,FAIL,0ZYf6N5eBeXStMri0mf3DZ,,,,,,,,,,,,,1985,29,Voices Carry,'Til Tuesday,8,21,1355.0,0.28205128205128205,0.5,0.9292929292929293,0.4768842268842268,-0.8465547374157072,0.24964225770969886,3,29,Voices Carry (Expanded Edition),'Til Tuesday,0ZYf6N5eBeXStMri0mf3DZ,Voices Carry,60.0,1985-06-01
matched,1985|wham featuring george michael|careless whisper,1985_wham_featuring_george_michael__careless_whisper__album.hci.json,1985,wham featuring george michael,careless whisper,0.6119235299232948,0.3012626797525393,0.3234146986242183,0.38195890871165217,0.5,1.9466738923952084e-11,0.01688305065415485,0.5853194205057437,,,,,,,,,-10.81,-17.97,PASS,496KhoMCMizT1B6Gm09PPq,,,,,,,,,,,,,1985,8,Careless Whisper,Wham! Featuring George Michael,1,19,1466.0,0.8205128205128205,0.4523809523809524,1.0,0.745970695970696,0.6014419375151929,0.6860839749643085,7,8,FeelGood Tunes From The 80's,Wham!,496KhoMCMizT1B6Gm09PPq,Careless Whisper,0.0,2015-05-15
matched,1985|wham|everything she wants,1985_wham__everything_she_wants__album.hci.json,1985,wham,everything she wants,0.9971810084043367,0.5031605623140463,0.5572555512129189,0.35687552104803827,0.5,1.9466738923952084e-11,0.9795814574168512,0.6252508441870025,,,,,,,,,88.66,53.28,FAIL,3kRLA6tLTlFR5ll80NULRE,,,,,,,,,,,,,1985,16,Everything She Wants,Wham!,1,20,1419.0,0.6153846153846154,0.47619047619047616,1.0,0.6505494505494506,0.08796518576024372,0.5285575715227234,6,16,"Wham 12"" Mixes",Wham!,3kRLA6tLTlFR5ll80NULRE,Everything She Wants - Remix,44.0,1985-01-03
matched,1985|whitney houston|saving all my love for you,1985_whitney_houston__saving_all_my_love_for_you__album.hci.json,1985,whitney houston,saving all my love for you,0.5325011105778039,0.25964059792563,0.28707143939181423,0.36579316026396214,0.5,0.0031897871829807255,0.004805267866894307,0.3969839328481287,,,,,,,,,-19.02,-26.8,FAIL,1lx8ddGT5wCD6W2xmLeRKG,,,,,,,,,,,,,1985,10,Saving All My Love For You,Whitney Houston,1,20,1440.0,0.7692307692307692,0.47619047619047616,1.0,0.7274725274725273,0.5019003791135609,0.6575669664435888,7,10,Whitney Houston,Whitney Houston,1lx8ddGT5wCD6W2xmLeRKG,Saving All My Love for You,73.0,1985-02-14
matched,1985|whitney houston|you give good love,1985_whitney_houston__you_give_good_love__album.hci.json,1985,whitney houston,you give good love,0.5944841958477616,0.29212342919985684,0.2945153550372267,0.3657138403565854,0.5,1.7490781036390544e-07,0.03903540856576698,0.5534757963317514,,,,,,,,,86.67,13.14,FAIL,0t6DdFmFQhQYWhmfa5FJer,,,,,,,,,,,,,1985,26,You Give Good Love,Whitney Houston,3,21,1373.0,0.3589743589743589,0.5,0.9797979797979798,0.5254467754467754,-0.5852320143391173,0.3184722514349171,4,26,Whitney Houston,Whitney Houston,0t6DdFmFQhQYWhmfa5FJer,You Give Good Love,54.0,1985-02-14
matched,1986|atlantic starr|secret lovers,1986_atlantic_starr__secret_lovers__album.hci.json,1986,atlantic starr,secret lovers,0.5487982839770705,0.26818128820378523,0.26066596897431576,0.3703869722890992,0.5,1.8924903886410867e-16,0.06765597216138795,0.41037881579790825,,,,,,,,,-29.59,-32.63,FAIL,4nKPgKXfFiPW7cNex5oDtt,,,,,,,,,,,,,1986,4,Secret Lovers,Atlantic Starr,3,22,1514.0,0.9230769230769231,0.5238095238095238,0.9797979797979798,0.8146409146409147,0.970967200672524,0.779414455113101,8,44,As The Band Turns,Atlantic Starr,4nKPgKXfFiPW7cNex5oDtt,Secret Lovers,54.0,1986
matched,1986|bananarama|venus,1986_bananarama__venus__album.hci.json,1986,bananarama,venus,0.8711096447221723,0.43709165307592696,0.5068095742263193,0.3707929688035264,0.5,0.013415664368606433,0.6044503416676599,0.6270813693894495,,,,,,,,,574.62,141.07,FAIL,4XX1pFUkQOZTYp6Hb6a6Ae,,,,,,,,,,,,,1986,38,Venus,Bananarama,1,19,1321.0,0.05128205128205132,0.4523809523809524,1.0,0.3613553113553114,-1.468234029251397,0.1291264942529281,1,78,True Confessions (Collector's Edition),Bananarama,4XX1pFUkQOZTYp6Hb6a6Ae,Venus,68.0,1986-01-01
matched,1986|belinda carlisle|mad about you,1986_belinda_carlisle__mad_about_you__album.hci.json,1986,belinda carlisle,mad about you,0.6791540972240363,0.336495504394765,0.3696706985050341,0.37339962394623516,0.5,0.10776302811288188,0.07886271745502214,0.5892769583494164,,,,,,,,,9.32,-3.66,PASS,1SWfuzL0VJx1oYnEtqueSr,,,,,,,,,,,,,1986,12,Mad About You,Belinda Carlisle,3,21,1442.0,0.717948717948718,0.5,0.9797979797979798,0.7049339549339549,0.38061677015195816,0.6212369598165717,7,52,Belinda,Belinda Carlisle,1SWfuzL0VJx1oYnEtqueSr,Mad About You,50.0,1986-05-19
matched,1986|berlin|take my breath away love theme from top gun,1986_berlin__take_my_breath_away_love_theme_from_top_gun__album.hci.json,1986,berlin,take my breath away love theme from top gun,0.8383042660166449,0.4198996792214849,0.5457976928570469,0.3735545990655493,0.5,6.789092603707404e-05,0.5078745798459132,0.592103312634363,,,,,,,,,85.65,38.24,FAIL,7opCkB3bkWEstc2UvmbI7u,,,,,,,,,,,,,1986,20,"Take My Breath Away (Love Theme From ""Top Gun"")",Berlin,1,21,1407.0,0.5128205128205128,0.5,1.0,0.6064102564102565,-0.14955477042582663,0.4515472281762947,5,60,Take My Breath Away - Live,Berlin,7opCkB3bkWEstc2UvmbI7u,Take My Breath Away - Live,13.0,1986-07-02
matched,1986|billy ocean|therell be sad songs to make you cry,1986_billy_ocean__therell_be_sad_songs_to_make_you_cry__album.hci.json,1986,billy ocean,therell be sad songs to make you cry,0.5927759494188505,0.2912282062485719,0.34910459079960743,0.3726247487030564,0.5,9.538655995864653e-10,0.06765597216138795,0.45798392487351386,,,,,,,,,-11.36,-19.31,PASS,1mP8BJQBRZWjSQLVmxQEyG,,,,,,,,,,,,,1986,10,There'll Be Sad Songs (To Make You Cry),Billy Ocean,1,21,1455.0,0.7692307692307692,0.5,1.0,0.7346153846153847,0.5403372184963701,0.6687281714121046,7,50,Love Zone (Expanded Edition),Billy Ocean,1mP8BJQBRZWjSQLVmxQEyG,There'll Be Sad Songs (To Make You Cry),51.0,1986
matched,1986|carl anderson and gloria loring|friends and lovers,1986_carl_anderson_and_gloria_loring__friends_and_lovers__album.hci.json,1986,carl anderson and gloria loring,friends and lovers,0.9588959527539919,0.4830969111163332,0.4680354996217089,0.3774851585338497,0.5,0.02407567762401959,0.9532130060898774,0.5757721248285432,,,,,,,,,26.66,20.36,FAIL,19u5G7pWq3Nj6lQiP4W4Hp,,,,,,,,,,,,,1986,5,Friends And Lovers,Carl Anderson & Gloria Loring,2,21,1510.0,0.8974358974358975,0.5,0.98989898989899,0.7966977466977467,0.8744121876774822,0.757079832060707,8,45,Carl Anderson,"Carl Anderson, Gloria Loring",19u5G7pWq3Nj6lQiP4W4Hp,Friends And Lovers (feat. Gloria Loring),37.0,1982
matched,1986|glass tiger|dont forget me when im gone,1986_glass_tiger__dont_forget_me_when_im_gone__album.hci.json,1986,glass tiger,dont forget me when im gone,1.0,0.5138366791027059,0.5910307537100614,0.364265858465282,0.5,0.0006171134203807237,0.9894066615380306,0.6376996874824808,,,,,,,,,33.05,26.19,FAIL,2G0ioyDyvIT1hu71VePzOL,,,,,,,,,,,,,1986,7,Don't Forget Me (When I'm Gone),Glass Tiger,2,24,1486.0,0.8461538461538461,0.5714285714285714,0.98989898989899,0.7924852924852925,0.8517443080414672,0.7516193568408304,8,47,The Thin Red Line (Deluxe),Glass Tiger,2G0ioyDyvIT1hu71VePzOL,Don't Forget Me (When I'm Gone),45.0,2012-06-15
matched,1986|heart|these dreams,1986_heart__these_dreams__album.hci.json,1986,heart,these dreams,0.6735345174177221,0.33355050961295424,0.5112659640607127,0.37691365464645415,0.5,9.714535329260785e-05,0.06765597216138795,0.5453703214558779,,,,,,,,,114.65,28.94,FAIL,22wWxHGHRH8gZXNDXRgSqY,,,,,,,,,,,,,1986,26,These Dreams,Heart,1,20,1359.0,0.3589743589743589,0.47619047619047616,1.0,0.5223443223443223,-0.6019268031619536,0.3137802860567516,4,66,Heart,Heart,22wWxHGHRH8gZXNDXRgSqY,These Dreams,68.0,1985-07-06
matched,1986|howard jones|no one is to blame,1986_howard_jones__no_one_is_to_blame__album.hci.json,1986,howard jones,no one is to blame,0.8134807555731031,0.40689068010729595,0.4143892400994063,0.37831300542510216,0.5,0.190210756341997,0.4360816470359944,0.522349431741276,,,,,,,,,83.38,35.17,FAIL,4AoR61nMXOgXrrNjuusASh,,,,,,,,,,,,,1986,21,No One Is To Blame,Howard Jones,4,23,1398.0,0.4871794871794872,0.5476190476190477,0.9696969696969697,0.6018148518148518,-0.1742833663923887,0.44359897033611356,5,61,Action Replay,Howard Jones,4AoR61nMXOgXrrNjuusASh,No One Is To Blame,14.0,1986-01-01
matched,1986|huey lewis and the news|stuck with you,1986_huey_lewis_and_the_news__stuck_with_you__album.hci.json,1986,huey lewis and the news,stuck with you,0.9499465914274428,0.47840691234140476,0.5232081243425196,0.37659478529258994,0.5,3.0224693706296965e-06,0.8428915398215626,0.6277440021223859,,,,,,,,,442.54,130.21,FAIL,2cFl7utlqyZjCXN1G5nRvA,,,,,,,,,,,,,1986,34,Stuck With You,Huey Lewis & The News,1,19,1339.0,0.15384615384615385,0.4523809523809524,1.0,0.4126373626373626,-1.1922772336825187,0.17509198716086377,2,74,Fore!,Huey Lewis & The News,2cFl7utlqyZjCXN1G5nRvA,Stuck With You,63.0,1986-01-01
matched,1986|inxs|what you need,1986_inxs__what_you_need__album.hci.json,1986,inxs,what you need,1.0,0.5233423528337654,0.5622390737031786,0.36658335771962425,0.5,0.09868642041596673,0.9795814574168512,0.6329638077469715,,,,,,,,,331.27,115.99,FAIL,14tERgpNCOzUE1ztMR4CGe,,,,,,,,,,,,,1986,30,What You Need,INXS,5,20,1350.0,0.2564102564102564,0.47619047619047616,0.9595959595959596,0.462981462981463,-0.9213676998507764,0.23187073202900718,3,70,What You Need / Sweet as Sin,INXS,14tERgpNCOzUE1ztMR4CGe,What You Need - 45 Version,16.0,1986
matched,1986|janet jackson|what have you done for me lately,1986_janet_jackson__what_have_you_done_for_me_lately__album.hci.json,1986,janet jackson,what have you done for me lately,1.0,0.5338212836467903,0.6292606289098959,0.4055027895508614,0.5,6.123599831357933e-11,0.9795814574168512,0.6885828259418976,,,,,,,,,151.62,74.0,FAIL,2SFq0UIiBWkBgky0fkrHP0,,,,,,,,,,,,,1986,22,What Have You Done For Me Lately,Janet Jackson,4,21,1375.0,0.46153846153846156,0.5,0.9696969696969697,0.5747086247086247,-0.3201462440502247,0.3974287800843464,5,62,Control,Janet Jackson,2SFq0UIiBWkBgky0fkrHP0,What Have You Done For Me Lately,49.0,1986-02-04
matched,1986|janet jackson|when i think of you,1986_janet_jackson__when_i_think_of_you__album.hci.json,1986,janet jackson,when i think of you,1.0,0.5088657041400049,0.5811859964025641,0.3839507428019058,0.5,0.004205808865885937,0.9269289476361902,0.656922729133483,,,,,,,,,430.71,135.04,FAIL,3mJ6pNcFM2CkykCYSREdKT,,,,,,,,,,,,,1986,33,When I Think Of You,Janet Jackson,1,19,1342.0,0.17948717948717952,0.4523809523809524,1.0,0.4254578754578755,-1.1232880347902987,0.18842535312071618,2,73,Control,Janet Jackson,3mJ6pNcFM2CkykCYSREdKT,When I Think Of You,57.0,1986-02-04
matched,1986|jermaine stewart|we dont have to take our clothes off,1986_jermaine_stewart__we_don_t_have_to_take_our_clothes_off__album.hci.json,1986,jermaine stewart,we don t have to take our clothes off,0.9140040790572657,0.4595708934532299,0.5294720721884798,0.3644556130992725,0.5,0.0009858443488363214,0.7324869056817207,0.6300249254010699,,,,,,,,,460.68,128.3,FAIL,6S7OQQ19MSi5Fo2PQ6LL1u,,,,,,,,,,,,,1986,36,We Don't Have To Take Our Clothes Off,Jermaine Stewart,5,22,1330.0,0.10256410256410253,0.5238095238095238,0.9595959595959596,0.40034410034410034,-1.258429214438478,0.1630158117306226,2,76,We Don't Have To Take Our Clothes Off,Jermaine Stewart,6S7OQQ19MSi5Fo2PQ6LL1u,We Don't Have To Take Our Clothes Off,50.0,1986-01-01
matched,1986|kenny loggins|danger zone,1986_kenny_loggins__danger_zone__album.hci.json,1986,kenny loggins,danger zone,0.6387098673192861,0.3153003171869931,0.3463134840822733,0.36160741532170493,0.5,0.08234030314057714,0.006247640322132947,0.5952930602552704,,,,,,,,,66.84,12.86,FAIL,34x6hEJgGAOQvmlMql5Ige,,,,,,,,,,,,,1986,23,Danger Zone,Kenny Loggins,2,21,1373.0,0.4358974358974359,0.5,0.98989898989899,0.565928515928516,-0.3673933923824717,0.3828163143643509,5,63,"Yesterday, Today, Tomorrow - The Greatest Hits Of Kenny Loggins",Kenny Loggins,34x6hEJgGAOQvmlMql5Ige,"Danger Zone - From ""Top Gun"" Original Soundtrack",74.0,1997-03-25
matched,1986|level 42|something about you,1986_level_42__something_about_you__single.hci.json,1986,level 42,something about you,0.9708204065516386,0.48934603568087004,0.5290252424677317,0.396498938495391,0.5,5.600022298992129e-06,0.8968923318441594,0.6136541012556394,,,,,,,,,16.01,11.86,FAIL,0GZzK43dJ6uNjOuitlCxDr,,,,,,,,,,,,,1986,2,Something About You,Level 42,7,27,1572.0,0.9743589743589743,0.6428571428571429,0.9393939393939394,0.8679154179154179,1.257645694251059,0.836845164331935,9,42,"7"" Singles",Level 42,0GZzK43dJ6uNjOuitlCxDr,"Something About You - 7"" Version",60.0,2022-06-17
matched,1986|lionel richie|dancing on the ceiling,1986_lionel_richie__dancing_on_the_ceiling__album.hci.json,1986,lionel richie,dancing on the ceiling,0.76460238712146,0.38127550157174545,0.4445521929777978,0.38647800470624216,0.5,1.6064736124503416e-06,0.341870315431007,0.6147508898418133,,,,,,,,,668.0,139.38,FAIL,0snPJPxkk0MbTc0xeUvAPt,,,,,,,,,,,,,1986,40,Dancing On The Ceiling,Lionel Richie,2,17,1317.0,0.0,0.40476190476190477,0.98989898989899,0.3194083694083694,-1.693957131081439,0.09955809812366366,1,80,Dancing On The Ceiling (Expanded Edition),Lionel Richie,0snPJPxkk0MbTc0xeUvAPt,Dancing On The Ceiling,67.0,1986
matched,1986|lisa lisa and cult jam with full force featuring paul anthony and bow legged lou|all cried out,1986_lisa_lisa_and_cult_jam_with_full_force_featuring_paul_anthony_and_bow_legged_lou__all_cried_out__album.hci.json,1986,lisa lisa and cult jam with full force featuring paul anthony and bow legged lou,all cried out,0.6305062270447731,0.31100112069312935,0.3467248173751682,0.3667040074650675,0.5,9.759894472831068e-09,0.07886271745502214,0.5737151721036238,,,,,,,,,21.51,-2.25,FAIL,0046quUYhSAFccrKIC3Iht,,,,,,,,,,,,,1986,17,All Cried Out,Lisa Lisa And Cult Jam With Full Force Featuring Paul Anthony & Bow Legged Lou,8,23,1421.0,0.5897435897435898,0.5476190476190477,0.9292929292929293,0.645016095016095,0.05818932805654539,0.5189025185970034,6,57,Lisa Lisa and Cult Jam with Full Force (Expanded Edition) (with Full Force),"Lisa Lisa & Cult Jam, Full Force",0046quUYhSAFccrKIC3Iht,All Cried Out (with Full Force),43.0,1985-06-01
matched,1986|madonna|live to tell,1986_madonna__live_to_tell__album.hci.json,1986,madonna,live to tell,0.5381499981035303,0.26260095169934233,0.2833681379924917,0.36113870501695183,0.5,2.3307713990615004e-21,0.02430504023165242,0.40679382695495786,,,,,,,,,302.63,46.62,FAIL,095MMFhB9qxPx2VsmvjnUs,,,,,,,,,,,,,1986,37,Live To Tell,Madonna,1,18,1328.0,0.07692307692307687,0.42857142857142855,1.0,0.367032967032967,-1.4376816697419859,0.13365907462272547,1,77,True Blue,Madonna,095MMFhB9qxPx2VsmvjnUs,Live to Tell,61.0,1986-06-30
matched,1986|miami sound machine|words get in the way,1986_miami_sound_machine__words_get_in_the_way__album.hci.json,1986,miami sound machine,words get in the way,0.660010086022913,0.3264629014184914,0.2708536350177509,0.36875561448465194,0.5,0.25349107462946896,0.006247640322132947,0.5594294440569433,,,,,,,,,-1.42,-10.22,PASS,5xbqrbNPBTAOGDA6GD3O46,,,,,,,,,,,,,1986,11,Words Get In The Way,Miami Sound Machine,5,24,1446.0,0.7435897435897436,0.5714285714285714,0.9595959595959596,0.7351426351426351,0.5431744366326297,0.6695447528797117,7,51,Primitive Love,Miami Sound Machine,5xbqrbNPBTAOGDA6GD3O46,Words Get In the Way,48.0,1985-08-13
matched,1986|mr mister|kyrie,1986_mr_mister__kyrie__album.hci.json,1986,mr mister,kyrie,0.6631712836419185,0.328119557398674,0.34254798866710806,0.349621125090495,0.5,5.600022298992129e-06,0.31315487384992663,0.4633877567622153,,,,,,,,,217.28,49.38,FAIL,5K3Q1gue9nWLLwh6bYQFoB,,,,,,,,,,,,,1986,31,Kyrie,Mr. Mister,1,18,1348.0,0.23076923076923073,0.42857142857142855,1.0,0.44395604395604393,-1.0237464763886677,0.20901542410242466,2,71,Welcome To The Real World,Mr. Mister,5K3Q1gue9nWLLwh6bYQFoB,Kyrie,57.0,1985-11-27
matched,1986|nu shooz|i cant wait,1986_nu_shooz__i_can_t_wait__album.hci.json,1986,nu shooz,i can t wait,0.9447819710309477,0.47570034340886264,0.5188210990951565,0.4017196101643721,0.5,1.510132005416487e-15,0.8265786507073936,0.6070827004862525,,,,,,,,,17.73,13.2,FAIL,0KCCNoVVXBatkTRvKOEf2t,,,,,,,,,,,,,1986,3,I Can't Wait,Nu Shooz,3,23,1517.0,0.9487179487179487,0.5476190476190477,0.9797979797979798,0.8346042846042846,1.0783932389475512,0.8024869936750827,9,43,Poolside,Nu Shooz,0KCCNoVVXBatkTRvKOEf2t,I Can't Wait,60.0,1986-05-05
matched,1986|orchestral manoeuvres in the dark|if you leave,1986_orchestral_manoeuvres_in_the_dark__if_you_leave__album.hci.json,1986,orchestral manoeuvres in the dark,if you leave,0.9411527030602425,0.473798390664369,0.5065241476621776,0.3751480049462655,0.5,1.2968728222695762e-06,0.8428915398215626,0.6182253546833861,,,,,,,,,475.47,134.76,FAIL,0Des4gyZ2Z9jq6VA8VPwGE,,,,,,,,,,,,,1986,35,If You Leave,Orchestral Manoeuvres In The Dark,4,20,1338.0,0.1282051282051282,0.47619047619047616,0.9696969696969697,0.4008991008991009,-1.2554426690318885,0.1635462410129887,2,75,Pretty In Pink,Orchestral Manoeuvres In The Dark,0Des4gyZ2Z9jq6VA8VPwGE,"If You Leave - From ""Pretty In Pink""",43.0,1986-01-01
matched,1986|patti labelle and michael mcdonald|on my own,1986_patti_labelle_and_michael_mcdonald__on_my_own__album.hci.json,1986,patti labelle and michael mcdonald,on my own,0.7631306051428938,0.3805042000872518,0.4814096536974007,0.376936230292882,0.5,1.6184625120066765e-09,0.37101305785111693,0.5536662570636484,,,,,,,,,-8.43,-11.7,PASS,5HrVgmO1govSOrPUehW1VV,,,,,,,,,,,,,1986,1,On My Own,Patti LaBelle & Michael McDonald,1,23,1582.0,1.0,0.5476190476190477,1.0,0.8642857142857143,1.2381136872919631,0.8333485940306768,9,41,Winner In You,"Patti LaBelle, Michael McDonald",5HrVgmO1govSOrPUehW1VV,On My Own,60.0,1986-01-01
matched,1986|pet shop boys|west end girls,1986_pet_shop_boys__west_end_girls__album.hci.json,1986,pet shop boys,west end girls,1.0,0.539912912519336,0.6682856955618355,0.38032672791362354,0.5,7.589056391397256e-09,0.9996926215910155,0.6911724224604855,,,,,,,,,81.54,50.75,FAIL,2Di0qFNb7ATroCGB3q0Ka7,,,,,,,,,,,,,1986,15,West End Girls,Pet Shop Boys,1,20,1434.0,0.641025641025641,0.47619047619047616,1.0,0.6633699633699633,0.15695438465246314,0.550833934827593,6,55,Please: Further Listening 1984 - 1986 (2018 Remaster),Pet Shop Boys,2Di0qFNb7ATroCGB3q0Ka7,West End Girls - 2018 Remaster,75.0,1986-03-24
matched,1986|peter cetera|glory of love theme from the karate kid part ii,1986_peter_cetera__glory_of_love_theme_from_the_karate_kid_part_ii__album.hci.json,1986,peter cetera,glory of love theme from the karate kid part ii,0.6062056915658343,0.2982661916330827,0.30729987718148144,0.356006672426274,0.5,2.6905129147221235e-05,0.07886271745502214,0.5474009776065716,,,,,,,,,3.61,-11.29,PASS,1eyq8cjUQ2daFthW2PC2GM,,,,,,,,,,,,,1986,14,"Glory Of Love (Theme From ""The Karate Kid Part II"")",Peter Cetera,1,21,1434.0,0.6666666666666667,0.5,1.0,0.6833333333333333,0.26438042292749114,0.5850876931729028,6,54,Solitude / Solitaire,Peter Cetera,1eyq8cjUQ2daFthW2PC2GM,Glory of Love,75.0,1986
matched,1986|peter gabriel|sledgehammer,1986_peter_gabriel__sledgehammer__album.hci.json,1986,peter gabriel,sledgehammer,0.8299674385105655,0.41553068467946,0.4777073985786525,0.3715348003179351,0.5,7.3041449020376e-10,0.5852606708922576,0.558681237557501,,,,,,,,,53.42,26.19,FAIL,4AUS8KNz7zX8XFu9L38GT0,,,,,,,,,,,,,1986,16,Sledgehammer,Peter Gabriel,1,21,1424.0,0.6153846153846154,0.5,1.0,0.6576923076923078,0.1264020251430523,0.5409884690121404,6,56,So (25th Anniversary Deluxe Edition),Peter Gabriel,4AUS8KNz7zX8XFu9L38GT0,Sledgehammer - 2012 Remaster,61.0,1986-05-19
matched,1986|prince and the revolution|kiss,1986_prince_and_the_revolution__kiss__album.hci.json,1986,prince and the revolution,kiss,1.0,0.5310814486262796,0.5809283763142681,0.4188445666041449,0.5,0.021491432080212848,0.9996926215910155,0.6655316951680363,,,,,,,,,264.36,101.92,FAIL,62LJFaYihsdVrrkgUOJC05,,,,,,,,,,,,,1986,27,Kiss,Prince And The Revolution,1,18,1358.0,0.33333333333333337,0.42857142857142855,1.0,0.49523809523809526,-0.7477896808197889,0.27445683168396,3,67,Parade - Music from the Motion Picture Under the Cherry Moon,Prince,62LJFaYihsdVrrkgUOJC05,Kiss,74.0,1986-03-31
matched,1986|robert palmer|addicted to love,1986_robert_palmer__addicted_to_love__album.hci.json,1986,robert palmer,addicted to love,0.9685751792255223,0.488169402731915,0.4749746638477545,0.3700567424896915,0.5,2.997385230526013e-24,0.9996926215910155,0.5842923884630287,,,,,,,,,28.74,22.13,FAIL,5izGeTxueiFX1UPFGohY9w,,,,,,,,,,,,,1986,6,Addicted To Love,Robert Palmer,1,22,1508.0,0.8717948717948718,0.5238095238095238,1.0,0.7930402930402931,0.8547308534480569,0.7523434652172304,8,46,Riptide,"Robert Palmer, Eric 'ET' Thorngren",5izGeTxueiFX1UPFGohY9w,Addicted To Love,65.0,1985-01-01
matched,1986|robert palmer|i didnt mean to turn you on,1986_robert_palmer__i_didn_t_mean_to_turn_you_on__album.hci.json,1986,robert palmer,i didn t mean to turn you on,0.9495766856039605,0.47821305964112054,0.5008616861006159,0.3823931767434414,0.5,0.02407567762401959,0.8428915398215626,0.6190562775570836,,,,,,,,,246.96,91.96,FAIL,4JF9MKFo5i85o5ap1JHKYE,,,,,,,,,,,,,1986,28,I Didn't Mean To Turn You On,Robert Palmer,2,20,1354.0,0.3076923076923077,0.47619047619047616,0.98989898989899,0.4946830946830947,-0.7507762262263786,0.2736843839592347,3,68,Riptide,Robert Palmer,4JF9MKFo5i85o5ap1JHKYE,I Didn't Mean To Turn You On,50.0,1985-01-01
matched,1986|simply red|holding back the years,1986_simply_red__holding_back_the_years__album.hci.json,1986,simply red,holding back the years,0.6782415899277946,0.3360172961801977,0.450522585853301,0.3646768632216432,0.5,1.2968728222695762e-06,0.1814242969315739,0.5194787342018458,,,,,,,,,-4.38,-10.96,PASS,1yg7fwwYmx9DQ2TdXUmfpJ,,,,,,,,,,,,,1986,9,Holding Back The Years,Simply Red,1,23,1455.0,0.7948717948717949,0.5476190476190477,1.0,0.7617216117216117,0.6862000961542054,0.7093151270220469,8,49,Picture Book (Expanded Version),Simply Red,1yg7fwwYmx9DQ2TdXUmfpJ,Holding Back the Years - 2008 Remaster,75.0,1985
matched,1986|sly fox|lets go all the way,1986_sly_fox__let_s_go_all_the_way__album.hci.json,1986,sly fox,let s go all the way,0.7922043151264512,0.39574055709979045,0.39687394405041165,0.37450545828876114,0.5,2.4535924238877168e-12,0.5852606708922576,0.5178032693648582,,,,,,,,,27.34,12.3,FAIL,6eLDMmVI7HF7W56cOrJj00,,,,,,,,,,,,,1986,13,Let's Go All The Way,Sly Fox,7,24,1442.0,0.6923076923076923,0.5714285714285714,0.9393939393939394,0.7054612054612054,0.38345398828821786,0.6221044534728949,7,53,Lost Hits Of The 80's (Vol. 2),Sly Fox,6eLDMmVI7HF7W56cOrJj00,Let's Go All The Way,46.0,2012-01-01
matched,1986|stacey q|two of hearts,1986_stacey_q__two_of_hearts__album.hci.json,1986,stacey q,two of hearts,0.8368597856451538,0.419142685406451,0.5315076407198863,0.36707645655716686,0.5,0.002080077836248964,0.4701867510987009,0.6440051862267029,,,,,,,,,74.62,34.47,FAIL,2dURQIBrw3XcHyVZlfdpC1,,,,,,,,,,,,,1986,19,Two Of Hearts,Stacey Q,3,22,1408.0,0.5384615384615384,0.5238095238095238,0.9797979797979798,0.6223332223332223,-0.06387078271077162,0.47925391342258666,5,59,Better Than Heaven,Stacey Q,2dURQIBrw3XcHyVZlfdpC1,Two of Hearts,65.0,1986-08-18
matched,1986|starship|sara,1986_starship__sara__album.hci.json,1986,starship,sara,0.8517827682851612,0.42696321781609736,0.4851130588241792,0.3536692132462072,0.5,1.243554837543829e-09,0.666291313702421,0.5567057198802221,,,,,,,,,241.46,78.67,FAIL,0HzjKCZmFhwcO2vnnHpj9q,,,,,,,,,,,,,1986,29,Sara,Starship,1,19,1353.0,0.28205128205128205,0.4523809523809524,1.0,0.47673992673992677,-0.8473312392214201,0.24945321387764904,3,69,Knee Deep In The Hoopla,Starship,0HzjKCZmFhwcO2vnnHpj9q,Sara,67.0,1985-09-10
matched,1986|steve winwood|higher love,1986_steve_winwood__higher_love__album.hci.json,1986,steve winwood,higher love,0.9133263385164612,0.45921571701212865,0.5798377769929549,0.38583957469693453,0.5,3.4824233133988136e-21,0.666291313702421,0.6233256366804611,,,,,,,,,27.3,19.02,FAIL,4ZExvJvQXPEeYzGU0N3THi,,,,,,,,,,,,,1986,8,Higher Love,Steve Winwood,1,22,1475.0,0.8205128205128205,0.5238095238095238,1.0,0.7673992673992673,0.7167524556636169,0.7174359028790006,8,48,Back In The High Life,Steve Winwood,4ZExvJvQXPEeYzGU0N3THi,Higher Love,67.0,1986-06-30
matched,1986|the bangles|manic monday,1986_the_bangles__manic_monday__album.hci.json,1986,the bangles,manic monday,1.0,0.6267563565752649,0.5773473690318136,0.37421449970890025,0.5,0.9162064933152794,0.7324869056817207,0.6602828717138748,,,,,,,,,379.91,125.53,FAIL,00vYs0qZA40Z8AAaN7xmMO,,,,,,,,,,,,,1986,32,Manic Monday,The Bangles,2,20,1345.0,0.20512820512820518,0.47619047619047616,0.98989898989899,0.44340104340104347,-1.0267330217952568,0.20837426189919536,2,72,Different Light (Expanded Edition),The Bangles,00vYs0qZA40Z8AAaN7xmMO,Manic Monday,61.0,1986-01-10
matched,1986|the jets|crush on you,1986_the_jets__crush_on_you__album.hci.json,1986,the jets,crush on you,0.963432912957124,0.48547454869494616,0.5324471886742698,0.39516411140975083,0.5,1.0451560294513921e-06,0.8428915398215626,0.6423434071080643,,,,,,,,,691.83,173.98,FAIL,1ZszesnDwcH48WJGR03gO3,,,,,,,,,,,,,1986,39,Crush On You,The Jets,3,20,1320.0,0.02564102564102566,0.47619047619047616,0.9797979797979798,0.3516372516372517,-1.5205284393207807,0.12167245199813649,1,79,The Jets,The Jets,1ZszesnDwcH48WJGR03gO3,Crush On You,43.0,1985-01-01
matched,1986|the outfield|your love,1986_the_outfield__your_love__album.hci.json,1986,the outfield,your love,0.7883041667626803,0.3936966468831071,0.4157131947603907,0.356969083576932,0.5,0.04140412057927452,0.4701867510987009,0.5779067312833445,,,,,,,,,131.89,46.16,FAIL,0WoFs3EdGOx58yX5BtXvOa,,,,,,,,,,,,,1986,25,Your Love,The Outfield,6,22,1365.0,0.3846153846153846,0.5238095238095238,0.9494949494949495,0.5393495393495393,-0.510419051904048,0.3399437788195038,4,65,Play Deep,The Outfield,0WoFs3EdGOx58yX5BtXvOa,Your Love,80.0,1985-06-29
matched,1986|whitney houston|greatest love of all,1986_whitney_houston__greatest_love_of_all__album.hci.json,1986,whitney houston,greatest love of all,0.8348852728069927,0.41810792298551885,0.5172442637781541,0.3786326224845729,0.5,1.0750367032365072e-10,0.4701867510987009,0.6425839004441817,,,,,,,,,152.13,56.43,FAIL,6yJxCltgtmGxIgKOS6ndnu,,,,,,,,,,,,,1986,24,Greatest Love Of All,Whitney Houston,1,18,1369.0,0.41025641025641024,0.42857142857142855,1.0,0.5336996336996337,-0.54082208414313,0.3311322069621519,4,64,Whitney Houston,Whitney Houston,6yJxCltgtmGxIgKOS6ndnu,Greatest Love of All,72.0,1985-02-14
matched,1986|whitney houston|how will i know,1986_whitney_houston__how_will_i_know__album.hci.json,1986,whitney houston,how will i know,0.970642783985507,0.48925295086876325,0.5544225045426269,0.38805532550790633,0.5,1.904806074547e-31,0.8428915398215626,0.6501483353404834,,,,,,,,,105.96,57.12,FAIL,2kfB5H5vNYcG87SKabmKCa,,,,,,,,,,,,,1986,18,How Will I Know,Whitney Houston,1,19,1416.0,0.5641025641025641,0.4523809523809524,1.0,0.6177655677655678,-0.0884500514070037,0.4712853640268364,5,58,Whitney Dancin' Special,"Whitney Houston, John ""Jellybean"" Benitez",2kfB5H5vNYcG87SKabmKCa,How Will I Know - Dance Remix,28.0,1986-11-01
